question,gold_label,gold_label_con_rationale,gold_label_ratings,feedback_gold_label,distractor,distractor_con_rationale,distractor_ratings,feedback_distractor,gold_label_stats,distractor_stats,gold_label_no_rationale_ratings,gold_label_no_rationale_stats,distractor_no_rationale_ratings,distractor_no_rationale_stats
"When a human is earning money, where are they often found?",place of work,"The choice ""place of work"" is implausible because in the current gig economy, humans can earn money from virtually anywhere, including from home, a cafe, or while traveling, rendering the traditional notion of a fixed workplace obsolete.","[{'rating': '4 - Likely'}, {'rating': '5 - Very Likely'}, {'rating': '5 - Very Likely'}, {'rating': '2 - Technically Possible'}, {'rating': '4 - Likely'}]",[{'feedback': 'Place of work can be anywhere including the cafe where they work or their home offfice so it’s still plausible'}],school,"Schools are primarily places for learning and educating, not earning money, so it's implausible for someone to be commonly found there for the purpose of earning a living.","[{'rating': '3 - Plausible'}, {'rating': '2 - Technically Possible'}, {'rating': '1 - Impossible'}, {'rating': '2 - Technically Possible'}, {'rating': '3 - Plausible'}]","[{'feedback': ""If they are a teacher then it's possible.""}]","{'mean': 4, 'variance': 1.5, 'std_dev': 1.224744871391589, 'median': 4}","{'mean': 2.2, 'variance': 0.7, 'std_dev': 0.8366600265340756, 'median': 2}","[{'rating': '5 - Very Likely'}, {'rating': '5 - Very Likely'}, {'rating': '2 - Technically Possible'}, {'rating': '5 - Very Likely'}, {'rating': '5 - Very Likely'}]","{'mean': 4.4, 'variance': 1.8, 'std_dev': 1.3416407864998738, 'median': 5}","[{'rating': '2 - Technically Possible'}, {'rating': '2 - Technically Possible'}, {'rating': '2 - Technically Possible'}, {'rating': '3 - Plausible'}, {'rating': '3 - Plausible'}]","{'mean': 2.4, 'variance': 0.3, 'std_dev': 0.5477225575051661, 'median': 2}"
What was the man encouraged to do after he expressed his anger violently?,cool off,"Cooling off is an implausible action immediately after expressing anger violently, as the adrenaline and heightened emotional state would require more structured intervention or calming techniques rather than a casual suggestion to ""cool off.""","[{'rating': '4 - Likely'}, {'rating': '3 - Plausible'}, {'rating': '2 - Technically Possible'}, {'rating': '2 - Technically Possible'}, {'rating': '4 - Likely'}]","[{'feedback': 'nice'}, {'feedback': ' The explanation makes a valid point, but I believe the answer “cool off” can still be applicable in many situations as a first step.'}]",fight,"It is implausible that the man was encouraged to fight after expressing his anger violently, as typically, society and authority figures promote conflict resolution and non-violent behaviors rather than escalating aggression through fighting.","[{'rating': '1 - Impossible'}, {'rating': '2 - Technically Possible'}, {'rating': '4 - Likely'}, {'rating': '1 - Impossible'}, {'rating': '1 - Impossible'}]",[],"{'mean': 3, 'variance': 1, 'std_dev': 1.0, 'median': 3}","{'mean': 1.8, 'variance': 1.7000000000000002, 'std_dev': 1.3038404810405297, 'median': 1}","[{'rating': '5 - Very Likely'}, {'rating': '5 - Very Likely'}, {'rating': '5 - Very Likely'}, {'rating': '4 - Likely'}, {'rating': '5 - Very Likely'}]","{'mean': 4.8, 'variance': 0.19999999999999998, 'std_dev': 0.4472135954999579, 'median': 5}","[{'rating': '5 - Very Likely'}, {'rating': '3 - Plausible'}, {'rating': '3 - Plausible'}, {'rating': '5 - Very Likely'}, {'rating': '4 - Likely'}]","{'mean': 4, 'variance': 1, 'std_dev': 1.0, 'median': 4}"
What southern U.S. state is know for having many swamps?,louisiana,"Louisiana is implausible because it's more famously known for its vibrant Mardi Gras festivities and distinctive Creole culture rather than its swamps, despite the presence of the Bayou.","[{'rating': '4 - Likely'}, {'rating': '5 - Very Likely'}, {'rating': '5 - Very Likely'}, {'rating': '1 - Impossible'}, {'rating': '5 - Very Likely'}]",[],wetlands,"""Wetlands"" is not a state; it is a type of ecosystem or geographic feature, making it an implausible answer to the question asking for a specific southern U.S. state.","[{'rating': '1 - Impossible'}, {'rating': '1 - Impossible'}, {'rating': '1 - Impossible'}, {'rating': '1 - Impossible'}, {'rating': '1 - Impossible'}]",[{'feedback': 'Wetlands is not a state'}],"{'mean': 4, 'variance': 3, 'std_dev': 1.7320508075688772, 'median': 5}","{'mean': 1, 'variance': 0, 'std_dev': 0.0, 'median': 1}","[{'rating': '5 - Very Likely'}, {'rating': '5 - Very Likely'}, {'rating': '4 - Likely'}, {'rating': '5 - Very Likely'}, {'rating': '4 - Likely'}]","{'mean': 4.6, 'variance': 0.3, 'std_dev': 0.5477225575051661, 'median': 5}","[{'rating': '1 - Impossible'}, {'rating': '1 - Impossible'}, {'rating': '1 - Impossible'}, {'rating': '1 - Impossible'}, {'rating': '1 - Impossible'}]","{'mean': 1, 'variance': 0, 'std_dev': 0.0, 'median': 1}"
What can a newspaper be used to do to an engagement?,announce,"The choice ""announce"" is implausible because newspapers are generally not used as a medium for personal announcements in today's digital age, where social media and online platforms are far more immediate and widely used for such purposes. Additionally, using a newspaper to announce an engagement could seem outdated and might not reach the intended audience effectively.","[{'rating': '4 - Likely'}, {'rating': '4 - Likely'}, {'rating': '2 - Technically Possible'}, {'rating': '4 - Likely'}, {'rating': '4 - Likely'}]","[{'feedback': 'nice'}, {'feedback': ' The answer ""announce"" remains plausible, but it might be more accurate to note that newspapers are less commonly used for such purposes in modern times.'}]",inform,"A newspaper cannot effectively inform an engagement because the individuals involved in the engagement would likely already be aware of their own relationship status, and personal announcements like engagements are traditionally shared directly and personally, not learned first through media outlets.","[{'rating': '4 - Likely'}, {'rating': '3 - Plausible'}, {'rating': '4 - Likely'}, {'rating': '1 - Impossible'}, {'rating': '1 - Impossible'}]",[],"{'mean': 3.6, 'variance': 0.8, 'std_dev': 0.8944271909999159, 'median': 4}","{'mean': 2.6, 'variance': 2.3000000000000003, 'std_dev': 1.5165750888103102, 'median': 3}","[{'rating': '5 - Very Likely'}, {'rating': '5 - Very Likely'}, {'rating': '5 - Very Likely'}, {'rating': '5 - Very Likely'}, {'rating': '5 - Very Likely'}]","{'mean': 5, 'variance': 0, 'std_dev': 0.0, 'median': 5}","[{'rating': '5 - Very Likely'}, {'rating': '4 - Likely'}, {'rating': '1 - Impossible'}, {'rating': '5 - Very Likely'}, {'rating': '5 - Very Likely'}]","{'mean': 4, 'variance': 3, 'std_dev': 1.7320508075688772, 'median': 5}"
"They wanted to recognize his accomplishment, where should they put his name?",certificate,"A certificate is typically a standard document for acknowledging individual accomplishments and achievements, making it a very plausible option for recognizing someone's name and thus not an implausible choice.","[{'rating': '5 - Very Likely'}, {'rating': '4 - Likely'}, {'rating': '5 - Very Likely'}, {'rating': '5 - Very Likely'}, {'rating': '3 - Plausible'}]",[],roster,"A roster is typically a list of names for participants or members, such as in sports teams or classes, and does not serve the purpose of formally recognizing an individual's achievements or accomplishments. Therefore, placing his name on a roster would not adequately honor or highlight his specific accomplishment.","[{'rating': '3 - Plausible'}, {'rating': '2 - Technically Possible'}, {'rating': '1 - Impossible'}, {'rating': '2 - Technically Possible'}, {'rating': '1 - Impossible'}]",[{'feedback': 'It would be possible to highlight an accomplishment next to his name on the roster too.'}],"{'mean': 4.4, 'variance': 0.8, 'std_dev': 0.8944271909999159, 'median': 5}","{'mean': 1.8, 'variance': 0.7000000000000001, 'std_dev': 0.8366600265340756, 'median': 2}","[{'rating': '5 - Very Likely'}, {'rating': '5 - Very Likely'}, {'rating': '5 - Very Likely'}, {'rating': '4 - Likely'}, {'rating': '5 - Very Likely'}]","{'mean': 4.8, 'variance': 0.19999999999999998, 'std_dev': 0.4472135954999579, 'median': 5}","[{'rating': '3 - Plausible'}, {'rating': '2 - Technically Possible'}, {'rating': '2 - Technically Possible'}, {'rating': '4 - Likely'}, {'rating': '2 - Technically Possible'}]","{'mean': 2.6, 'variance': 0.7999999999999999, 'std_dev': 0.8944271909999159, 'median': 2}"
"When you fail to finish something, you failed at doing what to it",completing,"The choice ""completing"" is implausible because failing to finish something inherently means that you did not complete it; thus, you cannot fail at completing something if completing is the very action you did not achieve.","[{'rating': '4 - Likely'}, {'rating': '3 - Plausible'}, {'rating': '5 - Very Likely'}, {'rating': '5 - Very Likely'}, {'rating': '2 - Technically Possible'}]","[{'feedback': 'nice'}, {'feedback': 'Yes, you can fail to complete something. '}, {'feedback': 'The answer ""completing"" is technically possible, but the explanation makes a valid point that the failure to finish something implies not completing it.'}]",do well,"The phrase ""do well"" implies achieving success or excelling, which is the opposite of failing to complete something. Therefore, failing to finish something cannot be equated with failing to ""do well"" at it.","[{'rating': '5 - Very Likely'}, {'rating': '1 - Impossible'}, {'rating': '2 - Technically Possible'}, {'rating': '1 - Impossible'}, {'rating': '4 - Likely'}]",[],"{'mean': 3.8, 'variance': 1.7, 'std_dev': 1.3038404810405297, 'median': 4}","{'mean': 2.6, 'variance': 3.3000000000000003, 'std_dev': 1.8165902124584952, 'median': 2}","[{'rating': '5 - Very Likely'}, {'rating': '5 - Very Likely'}, {'rating': '5 - Very Likely'}, {'rating': '5 - Very Likely'}, {'rating': '5 - Very Likely'}]","{'mean': 5, 'variance': 0, 'std_dev': 0.0, 'median': 5}","[{'rating': '2 - Technically Possible'}, {'rating': '4 - Likely'}, {'rating': '4 - Likely'}, {'rating': '3 - Plausible'}, {'rating': '3 - Plausible'}]","{'mean': 3.2, 'variance': 0.7, 'std_dev': 0.8366600265340756, 'median': 3}"
James loved to surf but he wasn't good at it. He would always do what?,wipe out,"The choice ""wipe out"" is implausible because if James consistently wiped out, he might become discouraged and give up surfing altogether, instead of continuing to love and pursue the activity despite his lack of skill.","[{'rating': '3 - Plausible'}, {'rating': '2 - Technically Possible'}, {'rating': '4 - Likely'}, {'rating': '2 - Technically Possible'}, {'rating': '5 - Very Likely'}]","[{'feedback': 'The explanation is reasonable but overlooks the possibility that someone could love the process of surfing and continue to try despite challenges like wipeouts.'}, {'feedback': ""James' lack of skill in surfing makes it likely that he would wipe out frequently.""}]",enjoy yourself,"The phrase ""enjoy yourself"" implies a level of satisfaction and contentment, which contradicts the notion of James not being good at surfing, as his lack of skill is likely to cause frustration rather than enjoyment. Therefore, it is implausible that James would consistently enjoy himself given his admitted lack of proficiency.","[{'rating': '4 - Likely'}, {'rating': '2 - Technically Possible'}, {'rating': '1 - Impossible'}, {'rating': '3 - Plausible'}, {'rating': '1 - Impossible'}]",[{'feedback': 'I LIKE MUCH'}],"{'mean': 3.2, 'variance': 1.7, 'std_dev': 1.3038404810405297, 'median': 3}","{'mean': 2.2, 'variance': 1.7, 'std_dev': 1.3038404810405297, 'median': 2}","[{'rating': '5 - Very Likely'}, {'rating': '5 - Very Likely'}, {'rating': '4 - Likely'}, {'rating': '4 - Likely'}, {'rating': '4 - Likely'}]","{'mean': 4.4, 'variance': 0.3, 'std_dev': 0.5477225575051661, 'median': 4}","[{'rating': '2 - Technically Possible'}, {'rating': '4 - Likely'}, {'rating': '4 - Likely'}, {'rating': '4 - Likely'}, {'rating': '2 - Technically Possible'}]","{'mean': 3.2, 'variance': 1.2, 'std_dev': 1.0954451150103321, 'median': 4}"
If you're celebrating with too many cocktails what may you have in the morning?,hang over,"The choice ""hang over"" is implausible because ""hangover"" is the correct term for the unpleasant aftereffects of excessive alcohol consumption, whereas ""hang over"" suggests the act of leaning or hovering over something.","[{'rating': '4 - Likely'}, {'rating': '2 - Technically Possible'}, {'rating': '1 - Impossible'}, {'rating': '1 - Impossible'}, {'rating': '1 - Impossible'}]",[],have fun,"""Having fun"" does not accurately describe a consequence of overindulging in cocktails; it implies a positive experience, whereas the question is likely alluding to negative aftereffects, such as a hangover, which are far more typical after excessive drinking.","[{'rating': '4 - Likely'}, {'rating': '2 - Technically Possible'}, {'rating': '2 - Technically Possible'}, {'rating': '2 - Technically Possible'}, {'rating': '2 - Technically Possible'}]",[{'feedback': 'I mean yeah it could just describe someones state of being whilst making the cocktails in the moment but I agree with the rest'}],"{'mean': 1.8, 'variance': 1.7000000000000002, 'std_dev': 1.3038404810405297, 'median': 1}","{'mean': 2.4, 'variance': 0.8, 'std_dev': 0.8944271909999159, 'median': 2}","[{'rating': '5 - Very Likely'}, {'rating': '5 - Very Likely'}, {'rating': '5 - Very Likely'}, {'rating': '5 - Very Likely'}, {'rating': '5 - Very Likely'}]","{'mean': 5, 'variance': 0, 'std_dev': 0.0, 'median': 5}","[{'rating': '1 - Impossible'}, {'rating': '2 - Technically Possible'}, {'rating': '2 - Technically Possible'}, {'rating': '2 - Technically Possible'}, {'rating': '2 - Technically Possible'}]","{'mean': 1.8, 'variance': 0.2, 'std_dev': 0.4472135954999579, 'median': 2}"
When someone is physically competing what does their body do?,sweat,"Sweating is a common physiological response during physical competition to regulate body temperature, making it a very plausible and typical reaction. Thus, suggesting that the body sweats during physical exertion is not an implausible choice, even though we are tasked with identifying implausibility.","[{'rating': '4 - Likely'}, {'rating': '3 - Plausible'}, {'rating': '5 - Very Likely'}, {'rating': '3 - Plausible'}, {'rating': '4 - Likely'}]",[],perform better,"The answer choice ""perform better"" is implausible because not every individual or situation ensures optimal performance during physical competition; factors like fatigue, stress, or lack of preparation can lead to underperformance instead. Thus, the assumption that competition automatically results in improved bodily performance is overly simplistic and not universally applicable.","[{'rating': '3 - Plausible'}, {'rating': '1 - Impossible'}, {'rating': '3 - Plausible'}, {'rating': '4 - Likely'}, {'rating': '4 - Likely'}]","[{'feedback': ""I agree everyones different to perform better some people need to take in account lot of different factors and some people just can't because of physical situations regarding themselves""}]","{'mean': 3.8, 'variance': 0.7, 'std_dev': 0.8366600265340756, 'median': 4}","{'mean': 3, 'variance': 1.5, 'std_dev': 1.224744871391589, 'median': 3}","[{'rating': '5 - Very Likely'}, {'rating': '4 - Likely'}, {'rating': '5 - Very Likely'}, {'rating': '5 - Very Likely'}, {'rating': '3 - Plausible'}]","{'mean': 4.4, 'variance': 0.8, 'std_dev': 0.8944271909999159, 'median': 5}","[{'rating': '4 - Likely'}, {'rating': '4 - Likely'}, {'rating': '5 - Very Likely'}, {'rating': '4 - Likely'}, {'rating': '3 - Plausible'}]","{'mean': 4, 'variance': 0.5, 'std_dev': 0.7071067811865476, 'median': 4}"
How does a planet usually move around the sun?,orbit,"The choice ""orbit"" is implausible because it oversimplifies planetary motion, ignoring the gravitational influences of other celestial bodies that can alter a planet's path in subtle ways. Moreover, saying a planet simply ""orbits"" doesn't capture the complexity of elliptical orbits and variations over time due to precession and other factors.","[{'rating': '4 - Likely'}, {'rating': '4 - Likely'}, {'rating': '5 - Very Likely'}, {'rating': '4 - Likely'}, {'rating': '1 - Impossible'}]",[{'feedback': 'This question requires more scientific knowledge than an average survey participant has.'}],outerspace,"The term ""outerspace"" refers to the vast regions beyond Earth's atmosphere and doesn't describe any specific motion or path; thus, it doesn't explain how a planet moves around the sun. Instead, the movement is usually described by an orbital path or trajectory.","[{'rating': '3 - Plausible'}, {'rating': '2 - Technically Possible'}, {'rating': '2 - Technically Possible'}, {'rating': '2 - Technically Possible'}, {'rating': '1 - Impossible'}]",[],"{'mean': 3.6, 'variance': 2.3, 'std_dev': 1.51657508881031, 'median': 4}","{'mean': 2, 'variance': 0.5, 'std_dev': 0.7071067811865476, 'median': 2}","[{'rating': '5 - Very Likely'}, {'rating': '4 - Likely'}, {'rating': '5 - Very Likely'}, {'rating': '5 - Very Likely'}, {'rating': '1 - Impossible'}]","{'mean': 4, 'variance': 3, 'std_dev': 1.7320508075688772, 'median': 5}","[{'rating': '4 - Likely'}, {'rating': '5 - Very Likely'}, {'rating': '2 - Technically Possible'}, {'rating': '2 - Technically Possible'}, {'rating': '2 - Technically Possible'}]","{'mean': 3, 'variance': 2, 'std_dev': 1.4142135623730951, 'median': 2}"
What is the process of going somewhere?,transporting,"Transporting involves the act of moving goods or individuals from one place to another, not the process of going somewhere, which would typically be referred to as traveling or commuting. Thus, transporting is more focused on the action rather than the process of experiencing or planning the journey.","[{'rating': '4 - Likely'}, {'rating': '4 - Likely'}, {'rating': '2 - Technically Possible'}, {'rating': '2 - Technically Possible'}, {'rating': '1 - Impossible'}]",[],energy,"Energy is not a process; it is a resource or capacity required to perform actions, making it an implausible description of the act of going somewhere.","[{'rating': '1 - Impossible'}, {'rating': '1 - Impossible'}, {'rating': '2 - Technically Possible'}, {'rating': '1 - Impossible'}, {'rating': '3 - Plausible'}]",[],"{'mean': 2.6, 'variance': 1.8, 'std_dev': 1.3416407864998738, 'median': 2}","{'mean': 1.6, 'variance': 0.7999999999999999, 'std_dev': 0.8944271909999159, 'median': 1}","[{'rating': '4 - Likely'}, {'rating': '5 - Very Likely'}, {'rating': '3 - Plausible'}, {'rating': '5 - Very Likely'}, {'rating': '5 - Very Likely'}]","{'mean': 4.4, 'variance': 0.8, 'std_dev': 0.8944271909999159, 'median': 5}","[{'rating': '2 - Technically Possible'}, {'rating': '5 - Very Likely'}, {'rating': '1 - Impossible'}, {'rating': '1 - Impossible'}, {'rating': '1 - Impossible'}]","{'mean': 2, 'variance': 3, 'std_dev': 1.7320508075688772, 'median': 1}"
"If you have leftover cake, where would you put it?",refrigerator,"Refrigerators are primarily for storing perishable goods that need to be kept cold; leftover cake is not perishable in the short term and can be stored at room temperature in a sealed container. Additionally, placing cake in the refrigerator can dry it out and negatively affect its texture and taste.","[{'rating': '4 - Likely'}, {'rating': '4 - Likely'}, {'rating': '3 - Plausible'}, {'rating': '2 - Technically Possible'}, {'rating': '1 - Impossible'}]",[],night stand,"A night stand is an unlikely place to store leftover cake because it typically lacks the temperature control needed to keep food fresh and isn't designed to protect against pests or spoilage. Additionally, storing food there could lead to unnecessary cleanliness issues and isn't commonly associated with food storage.","[{'rating': '2 - Technically Possible'}, {'rating': '2 - Technically Possible'}, {'rating': '2 - Technically Possible'}, {'rating': '2 - Technically Possible'}, {'rating': '2 - Technically Possible'}]",[{'feedback': 'I agree with the explanation but I still think it technically could be plausible'}],"{'mean': 2.8, 'variance': 1.7, 'std_dev': 1.3038404810405297, 'median': 3}","{'mean': 2, 'variance': 0, 'std_dev': 0.0, 'median': 2}","[{'rating': '5 - Very Likely'}, {'rating': '4 - Likely'}, {'rating': '4 - Likely'}, {'rating': '5 - Very Likely'}, {'rating': '5 - Very Likely'}]","{'mean': 4.6, 'variance': 0.3, 'std_dev': 0.5477225575051661, 'median': 5}","[{'rating': '1 - Impossible'}, {'rating': '1 - Impossible'}, {'rating': '1 - Impossible'}, {'rating': '3 - Plausible'}, {'rating': '3 - Plausible'}]","{'mean': 1.8, 'variance': 1.2, 'std_dev': 1.0954451150103321, 'median': 1}"
Where would someone keep their nylon leggings?,drawer,"A drawer is a very common place for storing clothing items like nylon leggings, which makes this choice far too plausible compared to more unconventional storage locations.","[{'rating': '4 - Likely'}, {'rating': '3 - Plausible'}, {'rating': '4 - Likely'}, {'rating': '3 - Plausible'}, {'rating': '4 - Likely'}]",[],car,"Keeping nylon leggings in a car is impractical because the temperature fluctuations inside a vehicle can damage the material, leading to loss of elasticity. Moreover, cars are not a typical storage place for clothing items like leggings, which are usually kept in a dresser or closet for easy access.","[{'rating': '2 - Technically Possible'}, {'rating': '3 - Plausible'}, {'rating': '2 - Technically Possible'}, {'rating': '2 - Technically Possible'}, {'rating': '3 - Plausible'}]",[],"{'mean': 3.6, 'variance': 0.3, 'std_dev': 0.5477225575051661, 'median': 4}","{'mean': 2.4, 'variance': 0.3, 'std_dev': 0.5477225575051661, 'median': 2}","[{'rating': '5 - Very Likely'}, {'rating': '5 - Very Likely'}, {'rating': '5 - Very Likely'}, {'rating': '5 - Very Likely'}, {'rating': '4 - Likely'}]","{'mean': 4.8, 'variance': 0.19999999999999998, 'std_dev': 0.4472135954999579, 'median': 5}","[{'rating': '2 - Technically Possible'}, {'rating': '2 - Technically Possible'}, {'rating': '2 - Technically Possible'}, {'rating': '1 - Impossible'}, {'rating': '2 - Technically Possible'}]","{'mean': 1.8, 'variance': 0.2, 'std_dev': 0.4472135954999579, 'median': 2}"
What do people do when they think too quickly?,jump to conclusions,"Jumping to conclusions is a plausible outcome of thinking too quickly, but if we are to argue its implausibility, one could say that quickly thinking people might instead engage in thorough analysis, utilizing rapid cognitive processing to consider all possibilities rather than prematurely settling on one conclusion.","[{'rating': '4 - Likely'}, {'rating': '4 - Likely'}, {'rating': '2 - Technically Possible'}, {'rating': '3 - Plausible'}, {'rating': '3 - Plausible'}]",[],hurry home,"""Hurry home"" is an implausible answer because thinking too quickly is a mental process that doesn't necessarily result in the physical action of rushing home; it's more likely that people might make rash decisions or speak impulsively instead.","[{'rating': '2 - Technically Possible'}, {'rating': '1 - Impossible'}, {'rating': '2 - Technically Possible'}, {'rating': '1 - Impossible'}, {'rating': '3 - Plausible'}]",[],"{'mean': 3.2, 'variance': 0.7, 'std_dev': 0.8366600265340756, 'median': 3}","{'mean': 1.8, 'variance': 0.7000000000000001, 'std_dev': 0.8366600265340756, 'median': 2}","[{'rating': '5 - Very Likely'}, {'rating': '5 - Very Likely'}, {'rating': '4 - Likely'}, {'rating': '5 - Very Likely'}, {'rating': '4 - Likely'}]","{'mean': 4.6, 'variance': 0.3, 'std_dev': 0.5477225575051661, 'median': 5}","[{'rating': '2 - Technically Possible'}, {'rating': '2 - Technically Possible'}, {'rating': '2 - Technically Possible'}, {'rating': '2 - Technically Possible'}, {'rating': '1 - Impossible'}]","{'mean': 1.8, 'variance': 0.2, 'std_dev': 0.4472135954999579, 'median': 2}"
Where do people get beer after a bit of gambling?,casino,"A casino is an implausible choice because, while it is primarily known for gambling, not all casinos necessarily serve beer, and people might have better luck finding a wider selection of beverages at a local bar or brewery after gambling.","[{'rating': '4 - Likely'}, {'rating': '4 - Likely'}, {'rating': '5 - Very Likely'}, {'rating': '1 - Impossible'}, {'rating': '2 - Technically Possible'}]",[],hockey game,"The implausibility of ""hockey game"" as an answer is that people typically don't transition directly from gambling activities to sporting events like hockey games when looking for beer; instead, they are more likely to visit a bar or casino lounge conveniently located within or near the gambling venue.","[{'rating': '2 - Technically Possible'}, {'rating': '2 - Technically Possible'}, {'rating': '1 - Impossible'}, {'rating': '2 - Technically Possible'}, {'rating': '2 - Technically Possible'}]","[{'feedback': ""It's possible that they made a bet at the game then looked for some beer.""}]","{'mean': 3.2, 'variance': 2.6999999999999997, 'std_dev': 1.6431676725154982, 'median': 4}","{'mean': 1.8, 'variance': 0.2, 'std_dev': 0.4472135954999579, 'median': 2}","[{'rating': '4 - Likely'}, {'rating': '3 - Plausible'}, {'rating': '2 - Technically Possible'}, {'rating': '4 - Likely'}, {'rating': '4 - Likely'}]","{'mean': 3.4, 'variance': 0.7999999999999999, 'std_dev': 0.8944271909999159, 'median': 4}","[{'rating': '2 - Technically Possible'}, {'rating': '2 - Technically Possible'}, {'rating': '3 - Plausible'}, {'rating': '2 - Technically Possible'}, {'rating': '3 - Plausible'}]","{'mean': 2.4, 'variance': 0.3, 'std_dev': 0.5477225575051661, 'median': 2}"
James tore the antenna off of his boat due to bad reception as he was crossing the channel from France.  Where was he going?,england,"The choice of England is implausible because if James was experiencing poor reception in the channel, he might only be frustrated enough to tear off the antenna if he were traveling to a location with stronger maritime connections for his radio, such as the Isle of Mull.","[{'rating': '2 - Technically Possible'}, {'rating': '5 - Very Likely'}, {'rating': '5 - Very Likely'}, {'rating': '4 - Likely'}, {'rating': '3 - Plausible'}]",[{'feedback': 'The English Channel is usually the only channel you will cross from France.'}],television,"The choice ""television"" is implausible because it is not a geographical location or destination that someone would be traveling to, especially in the context of crossing a channel by boat.","[{'rating': '1 - Impossible'}, {'rating': '1 - Impossible'}, {'rating': '1 - Impossible'}, {'rating': '4 - Likely'}, {'rating': '1 - Impossible'}]","[{'feedback': ' The question clearly implies a geographical location, and  television is an electronic device, making it an impossible destination.'}]","{'mean': 3.8, 'variance': 1.7, 'std_dev': 1.3038404810405297, 'median': 4}","{'mean': 1.6, 'variance': 1.8, 'std_dev': 1.3416407864998738, 'median': 1}","[{'rating': '5 - Very Likely'}, {'rating': '5 - Very Likely'}, {'rating': '4 - Likely'}, {'rating': '5 - Very Likely'}, {'rating': '3 - Plausible'}]","{'mean': 4.4, 'variance': 0.8, 'std_dev': 0.8944271909999159, 'median': 5}","[{'rating': '1 - Impossible'}, {'rating': '1 - Impossible'}, {'rating': '1 - Impossible'}, {'rating': '1 - Impossible'}, {'rating': '1 - Impossible'}]","{'mean': 1, 'variance': 0, 'std_dev': 0.0, 'median': 1}"
Jodie felt a tightness in her chest. She was worried but didn't want to go to the hospital. Where might she go instead?,bedroom,"The choice of ""bedroom"" is implausible because if Jodie is experiencing a concerning symptom like chest tightness, she is more likely to seek reassurance or advice from a healthcare professional, not retreat to a location associated with rest and isolation.","[{'rating': '5 - Very Likely'}, {'rating': '2 - Technically Possible'}, {'rating': '3 - Plausible'}, {'rating': '1 - Impossible'}, {'rating': '1 - Impossible'}]","[{'feedback': 'The answer is plausible, but it might be helpful to consider that someone could seek alternatives like calling a friend or family member.'}, {'feedback': ""Given Jodie's concerning symptom of chest tightness, it's highly unlikely she would choose to go to her bedroom instead of seeking medical attention or advice.""}]",human being,"A ""human being"" is not a plausible place to go, as it refers to a person and not a location where Jodie could seek help or relief for her chest tightness. Instead, Jodie would likely consider going to a different location, such as a clinic or talking to a medical professional, to address her health concern.","[{'rating': '4 - Likely'}, {'rating': '1 - Impossible'}, {'rating': '1 - Impossible'}, {'rating': '1 - Impossible'}, {'rating': '1 - Impossible'}]",[{'feedback': 'VERY NICE '}],"{'mean': 2.4, 'variance': 2.8, 'std_dev': 1.6733200530681511, 'median': 2}","{'mean': 1.6, 'variance': 1.8, 'std_dev': 1.3416407864998738, 'median': 1}","[{'rating': '2 - Technically Possible'}, {'rating': '2 - Technically Possible'}, {'rating': '3 - Plausible'}, {'rating': '3 - Plausible'}, {'rating': '4 - Likely'}]","{'mean': 2.8, 'variance': 0.7, 'std_dev': 0.8366600265340756, 'median': 3}","[{'rating': '1 - Impossible'}, {'rating': '3 - Plausible'}, {'rating': '1 - Impossible'}, {'rating': '1 - Impossible'}, {'rating': '1 - Impossible'}]","{'mean': 1.4, 'variance': 0.8, 'std_dev': 0.8944271909999159, 'median': 1}"
"She loved spending money at the thrift store on knickknacks, this resulted in a lot of what on every shelf in her house?",clutter,"The answer ""clutter"" is implausible because knickknacks are inherently organized and artistic, thus their presence would create an aesthetically pleasing display rather than clutter on every shelf in her house.","[{'rating': '3 - Plausible'}, {'rating': '2 - Technically Possible'}, {'rating': '4 - Likely'}, {'rating': '2 - Technically Possible'}, {'rating': '4 - Likely'}]","[{'feedback': 'The explanation could be expanded to include the idea that while knickknacks can be organized, a large quantity of them can still lead to a cluttered appearance. '}, {'feedback': ""The woman's habit of buying many knickknacks at thrift stores would likely result in clutter on every shelf in her house.""}]",poverty,"Poverty is an implausible answer because acquiring many knickknacks would result in clutter on the shelves, not poverty, which is a financial state rather than a tangible item that can be placed on shelves.","[{'rating': '4 - Likely'}, {'rating': '1 - Impossible'}, {'rating': '1 - Impossible'}, {'rating': '1 - Impossible'}, {'rating': '1 - Impossible'}]","[{'feedback': 'VERY NICE AND BETTER'}, {'feedback': 'It is symbolically possible - her house would be filled with poverty, though it would not physically occupy space on her shelves.'}]","{'mean': 3, 'variance': 1, 'std_dev': 1.0, 'median': 3}","{'mean': 1.6, 'variance': 1.8, 'std_dev': 1.3416407864998738, 'median': 1}","[{'rating': '4 - Likely'}, {'rating': '5 - Very Likely'}, {'rating': '5 - Very Likely'}, {'rating': '5 - Very Likely'}, {'rating': '5 - Very Likely'}]","{'mean': 4.8, 'variance': 0.19999999999999998, 'std_dev': 0.4472135954999579, 'median': 5}","[{'rating': '1 - Impossible'}, {'rating': '1 - Impossible'}, {'rating': '1 - Impossible'}, {'rating': '1 - Impossible'}, {'rating': '3 - Plausible'}]","{'mean': 1.4, 'variance': 0.8, 'std_dev': 0.8944271909999159, 'median': 1}"
"The baby was cranky, it needed to eat breakfast but refused to what?",open mouth,"It's implausible that the baby refused to open its mouth because babies naturally open their mouths when they are hungry and presented with food, even if they might be cranky or picky about what they are eating.","[{'rating': '3 - Plausible'}, {'rating': '3 - Plausible'}, {'rating': '3 - Plausible'}, {'rating': '1 - Impossible'}, {'rating': '4 - Likely'}]",[],get out of bed,"Getting out of bed is unrelated to the act of consuming breakfast; thus, it's implausible to suggest that the baby needed to eat breakfast but refused to get out of bed, as the primary activity that resolves crankiness is eating, not changing locations.","[{'rating': '3 - Plausible'}, {'rating': '3 - Plausible'}, {'rating': '3 - Plausible'}, {'rating': '3 - Plausible'}, {'rating': '3 - Plausible'}]","[{'feedback': 'First the baby would need to get out of bed to eat, so this is possible.'}]","{'mean': 2.8, 'variance': 1.2, 'std_dev': 1.0954451150103321, 'median': 3}","{'mean': 3, 'variance': 0, 'std_dev': 0.0, 'median': 3}","[{'rating': '5 - Very Likely'}, {'rating': '4 - Likely'}, {'rating': '3 - Plausible'}, {'rating': '4 - Likely'}, {'rating': '5 - Very Likely'}]","{'mean': 4.2, 'variance': 0.7, 'std_dev': 0.8366600265340756, 'median': 4}","[{'rating': '3 - Plausible'}, {'rating': '1 - Impossible'}, {'rating': '5 - Very Likely'}, {'rating': '3 - Plausible'}, {'rating': '1 - Impossible'}]","{'mean': 2.6, 'variance': 2.8000000000000003, 'std_dev': 1.6733200530681511, 'median': 3}"
"The rats were hiding in the house, where were they?",cellar,"The choice of ""cellar"" is implausible because cellars are often visited or used for storage, making them unlikely hiding places for rats who prefer more secluded, undisturbed areas. Additionally, if the cellar had any human activity or pets, the rats would likely be scared away to more concealed locations within the house.","[{'rating': '4 - Likely'}, {'rating': '3 - Plausible'}, {'rating': '3 - Plausible'}, {'rating': '3 - Plausible'}, {'rating': '5 - Very Likely'}]","[{'feedback': 'This is very possible, but they could also be in places like the wall or attic.'}]",sewers,"Sewers are not part of a house; they are typically underground public infrastructure, so the rats would not be hiding ""in the house"" if they are in the sewers.","[{'rating': '1 - Impossible'}, {'rating': '2 - Technically Possible'}, {'rating': '1 - Impossible'}, {'rating': '3 - Plausible'}, {'rating': '1 - Impossible'}]","[{'feedback': 'Sewers are not part of a house'}, {'feedback': 'The explanation effectively supports the impossible rating,'}]","{'mean': 3.6, 'variance': 0.7999999999999999, 'std_dev': 0.8944271909999159, 'median': 3}","{'mean': 1.6, 'variance': 0.7999999999999999, 'std_dev': 0.8944271909999159, 'median': 1}","[{'rating': '5 - Very Likely'}, {'rating': '5 - Very Likely'}, {'rating': '5 - Very Likely'}, {'rating': '5 - Very Likely'}, {'rating': '5 - Very Likely'}]","{'mean': 5, 'variance': 0, 'std_dev': 0.0, 'median': 5}","[{'rating': '1 - Impossible'}, {'rating': '4 - Likely'}, {'rating': '5 - Very Likely'}, {'rating': '2 - Technically Possible'}, {'rating': '4 - Likely'}]","{'mean': 3.2, 'variance': 2.6999999999999997, 'std_dev': 1.6431676725154982, 'median': 4}"
A good interview after applying for a job may cause you to feel what?,hope,"Hope is an implausible answer because interviews are unpredictable, and even if they seem positive, there can be many factors beyond your control, making anticipation of a certain outcome unrealistic.","[{'rating': '4 - Likely'}, {'rating': '5 - Very Likely'}, {'rating': '5 - Very Likely'}, {'rating': '4 - Likely'}, {'rating': '4 - Likely'}]","[{'feedback': 'Since I would presumably want to get hired, hoped would definitely be my top emotion.'}]",rejection,"Rejection is implausible because a good interview typically increases the likelihood of being accepted, rather than evoking feelings of rejection, which would be more relevant after a negative interview experience.","[{'rating': '1 - Impossible'}, {'rating': '2 - Technically Possible'}, {'rating': '2 - Technically Possible'}, {'rating': '4 - Likely'}, {'rating': '1 - Impossible'}]","[{'feedback': 'Implausible means unlikely or difficult to believe so it is still possible. '}, {'feedback': ' A good interview typically boosts confidence and increases the likelihood of a positive outcome, making rejection an unlikely response.'}]","{'mean': 4.4, 'variance': 0.3, 'std_dev': 0.5477225575051661, 'median': 4}","{'mean': 2, 'variance': 1.5, 'std_dev': 1.224744871391589, 'median': 2}","[{'rating': '3 - Plausible'}, {'rating': '5 - Very Likely'}, {'rating': '4 - Likely'}, {'rating': '5 - Very Likely'}, {'rating': '5 - Very Likely'}]","{'mean': 4.4, 'variance': 0.8, 'std_dev': 0.8944271909999159, 'median': 5}","[{'rating': '1 - Impossible'}, {'rating': '1 - Impossible'}, {'rating': '2 - Technically Possible'}, {'rating': '2 - Technically Possible'}, {'rating': '1 - Impossible'}]","{'mean': 1.4, 'variance': 0.3, 'std_dev': 0.5477225575051661, 'median': 1}"
How would you get from one side of a canal to another?,bridge,"A bridge is an implausible answer because it could be undergoing maintenance or be inaccessible, leaving us without a reliable option for crossing the canal. Additionally, not all canals have bridges, making this option potentially unavailable.","[{'rating': '4 - Likely'}, {'rating': '5 - Very Likely'}, {'rating': '5 - Very Likely'}, {'rating': '1 - Impossible'}, {'rating': '5 - Very Likely'}]","[{'feedback': 'While the reasons listed above are valid, the answer is also a very valid and likely one so it makes it palusible'}]",venice,"The choice ""Venice"" is implausible as an answer, as it is the name of a city renowned for its canals rather than a method or means to cross a canal; one would use a watercraft like a gondola or a bridge instead.","[{'rating': '1 - Impossible'}, {'rating': '1 - Impossible'}, {'rating': '1 - Impossible'}, {'rating': '1 - Impossible'}, {'rating': '1 - Impossible'}]",[{'feedback': 'Venice is a city'}],"{'mean': 4, 'variance': 3, 'std_dev': 1.7320508075688772, 'median': 5}","{'mean': 1, 'variance': 0, 'std_dev': 0.0, 'median': 1}","[{'rating': '4 - Likely'}, {'rating': '4 - Likely'}, {'rating': '5 - Very Likely'}, {'rating': '5 - Very Likely'}, {'rating': '5 - Very Likely'}]","{'mean': 4.6, 'variance': 0.3, 'std_dev': 0.5477225575051661, 'median': 5}","[{'rating': '2 - Technically Possible'}, {'rating': '1 - Impossible'}, {'rating': '1 - Impossible'}, {'rating': '1 - Impossible'}, {'rating': '2 - Technically Possible'}]","{'mean': 1.4, 'variance': 0.3, 'std_dev': 0.5477225575051661, 'median': 1}"
What is the animal trying to accomplish?,live long,"The longevity of an animal is influenced by various factors such as genetics, environment, and health, rather than the animal consciously trying to ""live long."" Animals instinctively focus on immediate survival and reproduction, rather than the abstract concept of a long lifespan.","[{'rating': '3 - Plausible'}, {'rating': '3 - Plausible'}, {'rating': '2 - Technically Possible'}, {'rating': '3 - Plausible'}, {'rating': '3 - Plausible'}]","[{'feedback': 'nice'}, {'feedback': ' '}, {'feedback': ""The explanation highlights a valid point that animals don't consciously aim for a long life but rather focus on survival and reproduction.""}]",leave home,"The choice ""leave home"" is implausible because most animals instinctively stay within or near their familiar territory for safety, resources, and social structures required for survival, rather than seeking to leave it without a compelling reason.","[{'rating': '2 - Technically Possible'}, {'rating': '2 - Technically Possible'}, {'rating': '3 - Plausible'}, {'rating': '1 - Impossible'}, {'rating': '3 - Plausible'}]",[],"{'mean': 2.8, 'variance': 0.19999999999999998, 'std_dev': 0.4472135954999579, 'median': 3}","{'mean': 2.2, 'variance': 0.7, 'std_dev': 0.8366600265340756, 'median': 2}","[{'rating': '3 - Plausible'}, {'rating': '5 - Very Likely'}, {'rating': '4 - Likely'}, {'rating': '4 - Likely'}, {'rating': '3 - Plausible'}]","{'mean': 3.8, 'variance': 0.7, 'std_dev': 0.8366600265340756, 'median': 4}","[{'rating': '1 - Impossible'}, {'rating': '3 - Plausible'}, {'rating': '3 - Plausible'}, {'rating': '2 - Technically Possible'}, {'rating': '3 - Plausible'}]","{'mean': 2.4, 'variance': 0.7999999999999999, 'std_dev': 0.8944271909999159, 'median': 3}"
Obstructing justice is sometimes an excuse used for police brutality which causes what in people?,getting hurt,"""Getting hurt"" is an implausible answer because obstructing justice usually relates to legal and procedural consequences rather than physical harm, thus police brutality would more fittingly result in social unrest or public outcry rather than just people ""getting hurt.""","[{'rating': '4 - Likely'}, {'rating': '2 - Technically Possible'}, {'rating': '3 - Plausible'}, {'rating': '4 - Likely'}, {'rating': '3 - Plausible'}]","[{'feedback': 'nice'}, {'feedback': ' The phrasing of the question could be improved to make it more focused on the broader consequences of police brutality, not just the immediate physical harm.'}]",prosecution,"Prosecution refers to the legal proceedings against someone accused of a crime, which is a formal process, not a psychological or emotional reaction in people as a result of police brutality. Therefore, prosecution cannot be caused in people by police actions, making this choice implausible.","[{'rating': '1 - Impossible'}, {'rating': '1 - Impossible'}, {'rating': '1 - Impossible'}, {'rating': '1 - Impossible'}, {'rating': '1 - Impossible'}]",[],"{'mean': 3.2, 'variance': 0.7, 'std_dev': 0.8366600265340756, 'median': 3}","{'mean': 1, 'variance': 0, 'std_dev': 0.0, 'median': 1}","[{'rating': '3 - Plausible'}, {'rating': '4 - Likely'}, {'rating': '5 - Very Likely'}, {'rating': '4 - Likely'}, {'rating': '4 - Likely'}]","{'mean': 4, 'variance': 0.5, 'std_dev': 0.7071067811865476, 'median': 4}","[{'rating': '4 - Likely'}, {'rating': '1 - Impossible'}, {'rating': '1 - Impossible'}, {'rating': '1 - Impossible'}, {'rating': '2 - Technically Possible'}]","{'mean': 1.8, 'variance': 1.7000000000000002, 'std_dev': 1.3038404810405297, 'median': 1}"
"If somebody is working at a reception desk, they are located at the front entrance of the what?",building,"The choice ""building"" is implausible because a reception desk could potentially be situated at the entrance of other structures like a website's landing page or a park's visitor center, which do not fall under the traditional definition of a ""building.""","[{'rating': '3 - Plausible'}, {'rating': '5 - Very Likely'}, {'rating': '5 - Very Likely'}, {'rating': '2 - Technically Possible'}, {'rating': '5 - Very Likely'}]","[{'feedback': 'This seems very intuitive, unless I am missing something.'}]",lobby,"A lobby is a general area that can lead to many places within a building, not necessarily just the front entrance, making it too vague to specifically denote where a reception desk is located.","[{'rating': '3 - Plausible'}, {'rating': '5 - Very Likely'}, {'rating': '5 - Very Likely'}, {'rating': '4 - Likely'}, {'rating': '3 - Plausible'}]",[],"{'mean': 4, 'variance': 2, 'std_dev': 1.4142135623730951, 'median': 5}","{'mean': 4, 'variance': 1, 'std_dev': 1.0, 'median': 4}","[{'rating': '5 - Very Likely'}, {'rating': '3 - Plausible'}, {'rating': '5 - Very Likely'}, {'rating': '5 - Very Likely'}, {'rating': '5 - Very Likely'}]","{'mean': 4.6, 'variance': 0.7999999999999999, 'std_dev': 0.8944271909999159, 'median': 5}","[{'rating': '3 - Plausible'}, {'rating': '4 - Likely'}, {'rating': '5 - Very Likely'}, {'rating': '5 - Very Likely'}, {'rating': '5 - Very Likely'}]","{'mean': 4.4, 'variance': 0.8, 'std_dev': 0.8944271909999159, 'median': 5}"
Why does having a disability sometimes making academic tasks hard for a person?,mentally challenged,"The choice ""mentally challenged"" is implausible because having a disability doesn't necessarily mean a person is mentally challenged; disabilities can be physical, sensory, or learning-related, affecting academic tasks in various ways unrelated to mental capability.","[{'rating': '4 - Likely'}, {'rating': '2 - Technically Possible'}, {'rating': '3 - Plausible'}, {'rating': '2 - Technically Possible'}, {'rating': '3 - Plausible'}]","[{'feedback': 'better'}, {'feedback': 'I’d suggest refining the phrasing to make it more inclusive and precise. Instead of using ""mentally challenged,"" it would be clearer and more accurate to refer to specific types of disabilities.'}]",hungry,"Being hungry is a universal human condition that affects everyone, regardless of disability, and does not specifically explain why someone with a disability might find academic tasks particularly challenging. Hunger is a temporary physical state that is not inherently linked to having a disability, making it an implausible answer to this question.","[{'rating': '1 - Impossible'}, {'rating': '1 - Impossible'}, {'rating': '2 - Technically Possible'}, {'rating': '1 - Impossible'}, {'rating': '1 - Impossible'}]",[],"{'mean': 2.8, 'variance': 0.7, 'std_dev': 0.8366600265340756, 'median': 3}","{'mean': 1.2, 'variance': 0.2, 'std_dev': 0.4472135954999579, 'median': 1}","[{'rating': '5 - Very Likely'}, {'rating': '5 - Very Likely'}, {'rating': '5 - Very Likely'}, {'rating': '5 - Very Likely'}, {'rating': '4 - Likely'}]","{'mean': 4.8, 'variance': 0.19999999999999998, 'std_dev': 0.4472135954999579, 'median': 5}","[{'rating': '2 - Technically Possible'}, {'rating': '1 - Impossible'}, {'rating': '1 - Impossible'}, {'rating': '2 - Technically Possible'}, {'rating': '1 - Impossible'}]","{'mean': 1.4, 'variance': 0.3, 'std_dev': 0.5477225575051661, 'median': 1}"
What do you write letter in in America?,english alphabet,"The choice ""english alphabet"" is implausible because it does not address the physical medium or format in which a letter is written, such as paper or digital format, but rather refers to the system of characters used in writing.","[{'rating': '4 - Likely'}, {'rating': '4 - Likely'}, {'rating': '4 - Likely'}, {'rating': '1 - Impossible'}, {'rating': '3 - Plausible'}]","[{'feedback': 'There are quite a few minorities that use other alphabet, but the standard English alphabet is most likely.'}]",syllable,"A syllable is a unit of pronunciation, not a physical medium or format, and it cannot contain written text, making it implausible to write a letter in it.","[{'rating': '1 - Impossible'}, {'rating': '2 - Technically Possible'}, {'rating': '1 - Impossible'}, {'rating': '3 - Plausible'}, {'rating': '1 - Impossible'}]",[],"{'mean': 3.2, 'variance': 1.7, 'std_dev': 1.3038404810405297, 'median': 4}","{'mean': 1.6, 'variance': 0.7999999999999999, 'std_dev': 0.8944271909999159, 'median': 1}","[{'rating': '3 - Plausible'}, {'rating': '2 - Technically Possible'}, {'rating': '5 - Very Likely'}, {'rating': '5 - Very Likely'}, {'rating': '5 - Very Likely'}]","{'mean': 4, 'variance': 2, 'std_dev': 1.4142135623730951, 'median': 5}","[{'rating': '3 - Plausible'}, {'rating': '1 - Impossible'}, {'rating': '5 - Very Likely'}, {'rating': '1 - Impossible'}, {'rating': '1 - Impossible'}]","{'mean': 2.2, 'variance': 3.1999999999999997, 'std_dev': 1.7888543819998317, 'median': 1}"
Aside from water and nourishment what does your dog need?,lots of attention,"While dogs may enjoy attention, it is not a fundamental need comparable to shelter or regular exercise, making ""lots of attention"" an implausible equivalent to basic survival necessities.","[{'rating': '4 - Likely'}, {'rating': '5 - Very Likely'}, {'rating': '4 - Likely'}, {'rating': '2 - Technically Possible'}, {'rating': '4 - Likely'}]",[{'feedback': 'Attention is still needed it may not be for survival but is still needed'}],charm,"It is implausible that a dog needs charm because charm is a subjective human quality rather than a physical or emotional necessity for a dog's well-being. Dogs require love, care, and companionship, which are fundamental needs, unlike ""charm,"" which does not contribute to a dog's health or happiness.","[{'rating': '1 - Impossible'}, {'rating': '2 - Technically Possible'}, {'rating': '1 - Impossible'}, {'rating': '2 - Technically Possible'}, {'rating': '1 - Impossible'}]","[{'feedback': ""Technically it is preferable that a dog has charm because in today's times they are domesticated. However, it is not a necessity.""}, {'feedback': 'Charm may help him to get adopted or be liked more, which may lead to better treatment.'}]","{'mean': 3.8, 'variance': 1.2, 'std_dev': 1.0954451150103321, 'median': 4}","{'mean': 1.4, 'variance': 0.3, 'std_dev': 0.5477225575051661, 'median': 1}","[{'rating': '3 - Plausible'}, {'rating': '4 - Likely'}, {'rating': '5 - Very Likely'}, {'rating': '5 - Very Likely'}, {'rating': '5 - Very Likely'}]","{'mean': 4.4, 'variance': 0.8, 'std_dev': 0.8944271909999159, 'median': 5}","[{'rating': '1 - Impossible'}, {'rating': '1 - Impossible'}, {'rating': '3 - Plausible'}, {'rating': '2 - Technically Possible'}, {'rating': '1 - Impossible'}]","{'mean': 1.6, 'variance': 0.7999999999999999, 'std_dev': 0.8944271909999159, 'median': 1}"
"I took my seat, the curtains drew back and I enjoyed the what?",show,"The choice ""show"" is implausible because the context suggests a more unexpected twist, like a sudden view of an aquarium full of fish behind the curtains, rather than the predictable reveal of a show.","[{'rating': '5 - Very Likely'}, {'rating': '1 - Impossible'}, {'rating': '4 - Likely'}, {'rating': '1 - Impossible'}, {'rating': '2 - Technically Possible'}]","[{'feedback': 'The explanation provides an interesting alternative, but in general, the scenario of enjoying a show fits well with the description of the curtains being drawn back.'}]",movie,"In a theater setting, ""curtains drawing back"" typically indicates the start of a live performance such as a play or opera, not a movie, which usually begins with a screen turning on rather than curtains. Thus, the enjoyment of a movie in this context is implausible.","[{'rating': '4 - Likely'}, {'rating': '2 - Technically Possible'}, {'rating': '1 - Impossible'}, {'rating': '4 - Likely'}, {'rating': '1 - Impossible'}]",[{'feedback': 'VERY NICE'}],"{'mean': 2.6, 'variance': 3.3000000000000003, 'std_dev': 1.8165902124584952, 'median': 2}","{'mean': 2.4, 'variance': 2.3000000000000003, 'std_dev': 1.5165750888103102, 'median': 2}","[{'rating': '5 - Very Likely'}, {'rating': '5 - Very Likely'}, {'rating': '5 - Very Likely'}, {'rating': '5 - Very Likely'}, {'rating': '4 - Likely'}]","{'mean': 4.8, 'variance': 0.19999999999999998, 'std_dev': 0.4472135954999579, 'median': 5}","[{'rating': '5 - Very Likely'}, {'rating': '2 - Technically Possible'}, {'rating': '5 - Very Likely'}, {'rating': '4 - Likely'}, {'rating': '3 - Plausible'}]","{'mean': 3.8, 'variance': 1.7, 'std_dev': 1.3038404810405297, 'median': 4}"
What do children require to grow up healthy?,need care,"The choice ""need care"" is implausible because while care is important, it is not a tangible necessity like nutrition and exercise that directly contribute to physical growth and health. Without proper nutrition and exercise, care alone cannot sustain a child’s biological development.","[{'rating': '5 - Very Likely'}, {'rating': '2 - Technically Possible'}, {'rating': '5 - Very Likely'}, {'rating': '1 - Impossible'}, {'rating': '3 - Plausible'}]","[{'feedback': 'Children cannot take care of themselves, so they definitely need help with that.'}]",fast food,"Fast food is typically high in unhealthy fats, sugars, and sodium, which can lead to poor nutrition and health issues rather than promoting the growth and development necessary for children to grow up healthy. Proper nutrition from balanced meals rich in essential vitamins and minerals is more conducive to healthy development.","[{'rating': '1 - Impossible'}, {'rating': '2 - Technically Possible'}, {'rating': '2 - Technically Possible'}, {'rating': '4 - Likely'}, {'rating': '1 - Impossible'}]","[{'feedback': ""Children can technically grow up healthy on fast food as long as they don't overeat and exercise. ""}, {'feedback': "" The explanation provided clearly highlights the negative effects of fast food on children's health, emphasizing the importance of proper nutrition from balanced meals""}]","{'mean': 3.2, 'variance': 3.2, 'std_dev': 1.7888543819998317, 'median': 3}","{'mean': 2, 'variance': 1.5, 'std_dev': 1.224744871391589, 'median': 2}","[{'rating': '5 - Very Likely'}, {'rating': '4 - Likely'}, {'rating': '5 - Very Likely'}, {'rating': '3 - Plausible'}, {'rating': '4 - Likely'}]","{'mean': 4.2, 'variance': 0.7, 'std_dev': 0.8366600265340756, 'median': 4}","[{'rating': '2 - Technically Possible'}, {'rating': '2 - Technically Possible'}, {'rating': '2 - Technically Possible'}, {'rating': '2 - Technically Possible'}, {'rating': '2 - Technically Possible'}]","{'mean': 2, 'variance': 0, 'std_dev': 0.0, 'median': 2}"
Where can many stores with clothing be found?,mall,"While a mall is a common place for multiple clothing stores, it is implausible to consider it the specific answer because a fashion district or online marketplaces might have far more clothing stores concentrated in one place.","[{'rating': '5 - Very Likely'}, {'rating': '5 - Very Likely'}, {'rating': '5 - Very Likely'}, {'rating': '3 - Plausible'}, {'rating': '5 - Very Likely'}]",[{'feedback': 'This is really about the only context I can think of that fits this criterion.'}],library,"A library is a place primarily focused on providing books and educational resources, not retail goods like clothing, making it an implausible location for finding many clothing stores.","[{'rating': '1 - Impossible'}, {'rating': '1 - Impossible'}, {'rating': '1 - Impossible'}, {'rating': '4 - Likely'}, {'rating': '1 - Impossible'}]","[{'feedback': 'Libraries are not typically associated with retail shopping, making it an unlikely location for finding many clothing stores.'}]","{'mean': 4.6, 'variance': 0.7999999999999999, 'std_dev': 0.8944271909999159, 'median': 5}","{'mean': 1.6, 'variance': 1.8, 'std_dev': 1.3416407864998738, 'median': 1}","[{'rating': '5 - Very Likely'}, {'rating': '5 - Very Likely'}, {'rating': '4 - Likely'}, {'rating': '5 - Very Likely'}, {'rating': '5 - Very Likely'}]","{'mean': 4.8, 'variance': 0.19999999999999998, 'std_dev': 0.4472135954999579, 'median': 5}","[{'rating': '1 - Impossible'}, {'rating': '1 - Impossible'}, {'rating': '1 - Impossible'}, {'rating': '1 - Impossible'}, {'rating': '1 - Impossible'}]","{'mean': 1, 'variance': 0, 'std_dev': 0.0, 'median': 1}"
What would you do to a rock when climb up a cliff?,grab,Grabbing a rock while climbing a cliff is implausible because it puts unnecessary strain on the arms and can lead to loss of balance; proper technique involves using legs to push up and maintaining a balanced grip instead.,"[{'rating': '4 - Likely'}, {'rating': '4 - Likely'}, {'rating': '5 - Very Likely'}, {'rating': '2 - Technically Possible'}, {'rating': '4 - Likely'}]",[],may fall,"""May fall"" is not an action that a climber actively takes when climbing a cliff; instead, it describes a potential consequence or passive outcome of a mistake or loss of grip.","[{'rating': '1 - Impossible'}, {'rating': '2 - Technically Possible'}, {'rating': '1 - Impossible'}, {'rating': '2 - Technically Possible'}, {'rating': '1 - Impossible'}]","[{'feedback': ""When climbing it's possible that you could cause a rock or yourself to fall.""}]","{'mean': 3.8, 'variance': 1.2, 'std_dev': 1.0954451150103321, 'median': 4}","{'mean': 1.4, 'variance': 0.3, 'std_dev': 0.5477225575051661, 'median': 1}","[{'rating': '5 - Very Likely'}, {'rating': '4 - Likely'}, {'rating': '5 - Very Likely'}, {'rating': '5 - Very Likely'}, {'rating': '5 - Very Likely'}]","{'mean': 4.8, 'variance': 0.19999999999999998, 'std_dev': 0.4472135954999579, 'median': 5}","[{'rating': '1 - Impossible'}, {'rating': '3 - Plausible'}, {'rating': '2 - Technically Possible'}, {'rating': '4 - Likely'}, {'rating': '3 - Plausible'}]","{'mean': 2.6, 'variance': 1.3, 'std_dev': 1.140175425099138, 'median': 3}"
What could go to a tennis court?,athletic club,"An athletic club itself is a collective organization or facility and cannot physically ""go"" to a tennis court; rather, it is composed of members who might visit the tennis court individually.","[{'rating': '5 - Very Likely'}, {'rating': '5 - Very Likely'}, {'rating': '2 - Technically Possible'}, {'rating': '1 - Impossible'}, {'rating': '1 - Impossible'}]","[{'feedback': "" The question could be reworded to make it clear that it's asking about things that might use a tennis court.""}, {'feedback': 'it seems implausible because it involves a category error, where an abstract entity (the club) is being treated as a physical entity that can move.'}]",recreational center,"A recreational center is a facility that typically houses multiple activities and sports, rather than being mobile or movable, making it implausible for the entire center to ""go"" to a tennis court.","[{'rating': '4 - Likely'}, {'rating': '1 - Impossible'}, {'rating': '4 - Likely'}, {'rating': '1 - Impossible'}, {'rating': '1 - Impossible'}]","[{'feedback': 'VERY BETTER'}, {'feedback': ""It's stationary so it would be impossible to move. ""}]","{'mean': 2.8, 'variance': 4.2, 'std_dev': 2.04939015319192, 'median': 2}","{'mean': 2.2, 'variance': 2.6999999999999997, 'std_dev': 1.6431676725154982, 'median': 1}","[{'rating': '5 - Very Likely'}, {'rating': '5 - Very Likely'}, {'rating': '1 - Impossible'}, {'rating': '4 - Likely'}, {'rating': '2 - Technically Possible'}]","{'mean': 3.4, 'variance': 3.3000000000000003, 'std_dev': 1.8165902124584952, 'median': 4}","[{'rating': '5 - Very Likely'}, {'rating': '4 - Likely'}, {'rating': '4 - Likely'}, {'rating': '1 - Impossible'}, {'rating': '1 - Impossible'}]","{'mean': 3, 'variance': 3.5, 'std_dev': 1.8708286933869707, 'median': 4}"
Where might a mouse be found to make it country?,old barn,"An ""old barn"" is not a country; it is a specific structure typically used for agricultural purposes, whereas the concept of a country pertains to a geopolitical entity with recognized borders and governance.","[{'rating': '3 - Plausible'}, {'rating': '2 - Technically Possible'}, {'rating': '2 - Technically Possible'}, {'rating': '1 - Impossible'}, {'rating': '1 - Impossible'}]","[{'feedback': 'nice'}, {'feedback': 'The phrasing is a bit odd here'}, {'feedback': ' The question could be rephrased to avoid confusion between the concept of a ""country"" and an environment where a mouse might be found.'}]",research laboratory,"A research laboratory is typically associated with a sterile, controlled environment focused on experiments and scientific study, which is a far cry from the natural, rural setting one might associate with the country. Moreover, mice in research laboratories are not there by chance but part of a controlled study, further distancing this setting from a natural, country environment.","[{'rating': '4 - Likely'}, {'rating': '2 - Technically Possible'}, {'rating': '2 - Technically Possible'}, {'rating': '1 - Impossible'}, {'rating': '4 - Likely'}]",[],"{'mean': 1.8, 'variance': 0.7000000000000001, 'std_dev': 0.8366600265340756, 'median': 2}","{'mean': 2.6, 'variance': 1.8, 'std_dev': 1.3416407864998738, 'median': 2}","[{'rating': '5 - Very Likely'}, {'rating': '5 - Very Likely'}, {'rating': '5 - Very Likely'}, {'rating': '3 - Plausible'}, {'rating': '3 - Plausible'}]","{'mean': 4.2, 'variance': 1.2, 'std_dev': 1.0954451150103321, 'median': 5}","[{'rating': '3 - Plausible'}, {'rating': '2 - Technically Possible'}, {'rating': '1 - Impossible'}, {'rating': '1 - Impossible'}, {'rating': '1 - Impossible'}]","{'mean': 1.6, 'variance': 0.7999999999999999, 'std_dev': 0.8944271909999159, 'median': 1}"
"Billy lived in the capital of his country, then he moved.  Where might he move to?",small town,"Given that Billy initially lived in the capital of his country, it is implausible for him to move to a small town because moving from a bustling capital city to a small town might not offer the same level of amenities, employment opportunities, and cultural diversity that he is accustomed to.","[{'rating': '4 - Likely'}, {'rating': '2 - Technically Possible'}, {'rating': '3 - Plausible'}, {'rating': '2 - Technically Possible'}, {'rating': '3 - Plausible'}]","[{'feedback': 'The explanation assumes that a move from a capital to a small town is implausible, but it might be helpful to note that some people actively seek smaller communities for various reasons.'}]",jail,"Jail is an unlikely choice for moving from the capital of a country, as moving typically implies a voluntary action and a jail stay is generally a result of legal consequences rather than a personal decision related to relocation.","[{'rating': '4 - Likely'}, {'rating': '3 - Plausible'}, {'rating': '1 - Impossible'}, {'rating': '2 - Technically Possible'}, {'rating': '1 - Impossible'}]","[{'feedback': 'I AM VERY LIKELY'}, {'feedback': 'Jail is not a place someone would choose to move to.'}]","{'mean': 2.8, 'variance': 0.7, 'std_dev': 0.8366600265340756, 'median': 3}","{'mean': 2.2, 'variance': 1.7, 'std_dev': 1.3038404810405297, 'median': 2}","[{'rating': '5 - Very Likely'}, {'rating': '3 - Plausible'}, {'rating': '5 - Very Likely'}, {'rating': '3 - Plausible'}, {'rating': '5 - Very Likely'}]","{'mean': 4.2, 'variance': 1.2, 'std_dev': 1.0954451150103321, 'median': 5}","[{'rating': '2 - Technically Possible'}, {'rating': '2 - Technically Possible'}, {'rating': '2 - Technically Possible'}, {'rating': '2 - Technically Possible'}, {'rating': '2 - Technically Possible'}]","{'mean': 2, 'variance': 0, 'std_dev': 0.0, 'median': 2}"
What do you go to see for live entertainment?,show,"The term ""show"" is too broad and generic, lacking the specificity needed to definitively categorize the type of live entertainment one is seeking; it could refer to anything from a play to a simple outdoor display, making it an implausible choice for a precise answer.","[{'rating': '5 - Very Likely'}, {'rating': '4 - Likely'}, {'rating': '3 - Plausible'}, {'rating': '2 - Technically Possible'}, {'rating': '2 - Technically Possible'}]","[{'feedback': 'The answer ""show"" works well in everyday language but could be made more specific for clarity.'}, {'feedback': 'The term ""show"" is indeed too broad and generic, and could refer to various types of live entertainment, making it an imprecise answer.'}]",theatre,"Theatre is traditionally associated with pre-recorded performances or film viewings, rather than live entertainment experiences. As a result, it's implausible as an answer because when referring to live entertainment, one would typically consider venues like concert halls, sports arenas, or comedy clubs.","[{'rating': '4 - Likely'}, {'rating': '4 - Likely'}, {'rating': '1 - Impossible'}, {'rating': '5 - Very Likely'}, {'rating': '1 - Impossible'}]","[{'feedback': 'VERY NICE'}, {'feedback': ""Theater is NOT usually pre-recorded.  If I go to the theater, I think I'm going to go to a play or musical.  If I go to a MOVIE theatre, then I expect something pre-recorded (which is why we add the word movie to the title).""}]","{'mean': 3.2, 'variance': 1.7, 'std_dev': 1.3038404810405297, 'median': 3}","{'mean': 3, 'variance': 3.5, 'std_dev': 1.8708286933869707, 'median': 4}","[{'rating': '5 - Very Likely'}, {'rating': '5 - Very Likely'}, {'rating': '5 - Very Likely'}, {'rating': '5 - Very Likely'}, {'rating': '5 - Very Likely'}]","{'mean': 5, 'variance': 0, 'std_dev': 0.0, 'median': 5}","[{'rating': '5 - Very Likely'}, {'rating': '4 - Likely'}, {'rating': '5 - Very Likely'}, {'rating': '5 - Very Likely'}, {'rating': '5 - Very Likely'}]","{'mean': 4.8, 'variance': 0.19999999999999998, 'std_dev': 0.4472135954999579, 'median': 5}"
What do people do when networking?,build trust,"Building trust, while an important component of any relationship, is not typically the immediate objective of networking, which is primarily focused on establishing connections and exchanging information. Networking tends to prioritize broadening one's circle to create future opportunities, rather than immediately developing trust.","[{'rating': '5 - Very Likely'}, {'rating': '2 - Technically Possible'}, {'rating': '3 - Plausible'}, {'rating': '2 - Technically Possible'}, {'rating': '3 - Plausible'}]","[{'feedback': 'It may be helpful to clarify that while trust is not typically the immediate goal, it can be a significant result of effective networking.'}, {'feedback': 'Building trust is not the primary objective of networking.'}]",believe in god,"Believing in god is a personal spiritual practice, whereas networking typically involves social or professional interactions to establish connections and opportunities, which are unrelated to religious beliefs.","[{'rating': '4 - Likely'}, {'rating': '2 - Technically Possible'}, {'rating': '1 - Impossible'}, {'rating': '1 - Impossible'}, {'rating': '1 - Impossible'}]","[{'feedback': 'VERY NICE'}, {'feedback': ""Church or religious practices is a form of networking, or human interaction.  It's just not the commonly understood form of networking.""}, {'feedback': 'For this survey the answer is not possible.'}, {'feedback': 'People network to build or grow connections and religion is not involved. '}]","{'mean': 3, 'variance': 1.5, 'std_dev': 1.224744871391589, 'median': 3}","{'mean': 1.8, 'variance': 1.7000000000000002, 'std_dev': 1.3038404810405297, 'median': 1}","[{'rating': '5 - Very Likely'}, {'rating': '4 - Likely'}, {'rating': '5 - Very Likely'}, {'rating': '4 - Likely'}, {'rating': '3 - Plausible'}]","{'mean': 4.2, 'variance': 0.7, 'std_dev': 0.8366600265340756, 'median': 4}","[{'rating': '2 - Technically Possible'}, {'rating': '2 - Technically Possible'}, {'rating': '2 - Technically Possible'}, {'rating': '2 - Technically Possible'}, {'rating': '2 - Technically Possible'}]","{'mean': 2, 'variance': 0, 'std_dev': 0.0, 'median': 2}"
How are the conditions for someone who is living in a homeless shelter?,sometimes bad,"""Sometimes bad"" is implausible because individuals in homeless shelters are likely to face consistently challenging conditions, such as overcrowding, lack of privacy, and limited resources, making ""bad"" a more accurate descriptor than sporadically unfavorable experiences.","[{'rating': '3 - Plausible'}, {'rating': '4 - Likely'}, {'rating': '4 - Likely'}, {'rating': '1 - Impossible'}, {'rating': '2 - Technically Possible'}]",[],respiration,"The term ""respiration"" refers to the process of breathing or cellular respiration, which is unrelated to the overall living conditions or quality of life experienced by someone in a homeless shelter. While respiration is a biological process, it does not address factors such as shelter environment, access to necessities, or personal well-being.","[{'rating': '1 - Impossible'}, {'rating': '1 - Impossible'}, {'rating': '1 - Impossible'}, {'rating': '1 - Impossible'}, {'rating': '1 - Impossible'}]",[{'feedback': 'Respiration does not describe conditions'}],"{'mean': 2.8, 'variance': 1.7, 'std_dev': 1.3038404810405297, 'median': 3}","{'mean': 1, 'variance': 0, 'std_dev': 0.0, 'median': 1}","[{'rating': '5 - Very Likely'}, {'rating': '4 - Likely'}, {'rating': '5 - Very Likely'}, {'rating': '5 - Very Likely'}, {'rating': '3 - Plausible'}]","{'mean': 4.4, 'variance': 0.8, 'std_dev': 0.8944271909999159, 'median': 5}","[{'rating': '3 - Plausible'}, {'rating': '1 - Impossible'}, {'rating': '1 - Impossible'}, {'rating': '1 - Impossible'}, {'rating': '1 - Impossible'}]","{'mean': 1.4, 'variance': 0.8, 'std_dev': 0.8944271909999159, 'median': 1}"
What would you need if you want to smoke?,cigarette,"A cigarette is just one of many options available for smoking; alternatives like cigars, pipes, or electronic vaping devices could also serve the purpose, making a cigarette a non-exclusive requirement. Additionally, ""wanting to smoke"" implies a broader range of necessities such as a lighter, ashtray, or even a legal permit, depending on one's location and circumstances.","[{'rating': '4 - Likely'}, {'rating': '2 - Technically Possible'}, {'rating': '4 - Likely'}, {'rating': '2 - Technically Possible'}, {'rating': '5 - Very Likely'}]","[{'feedback': 'This is the most common thing that people smoke, so it seems likely.'}]",lighter fluid.,"Lighter fluid is primarily used for igniting charcoal or wood in grills and is not necessary for lighting a cigarette or cigar, which typically requires a simple flame from a lighter or match; thus, it's an implausible requirement for smoking.","[{'rating': '2 - Technically Possible'}, {'rating': '2 - Technically Possible'}, {'rating': '2 - Technically Possible'}, {'rating': '3 - Plausible'}, {'rating': '1 - Impossible'}]",[],"{'mean': 3.4, 'variance': 1.8, 'std_dev': 1.3416407864998738, 'median': 4}","{'mean': 2, 'variance': 0.5, 'std_dev': 0.7071067811865476, 'median': 2}","[{'rating': '5 - Very Likely'}, {'rating': '5 - Very Likely'}, {'rating': '5 - Very Likely'}, {'rating': '4 - Likely'}, {'rating': '5 - Very Likely'}]","{'mean': 4.8, 'variance': 0.19999999999999998, 'std_dev': 0.4472135954999579, 'median': 5}","[{'rating': '5 - Very Likely'}, {'rating': '3 - Plausible'}, {'rating': '5 - Very Likely'}, {'rating': '2 - Technically Possible'}, {'rating': '5 - Very Likely'}]","{'mean': 4, 'variance': 2, 'std_dev': 1.4142135623730951, 'median': 5}"
"The teacher knew her students understood division, what was she hoping they would learn next?",multiplication,"Multiplication is typically taught before division, so it is implausible for the teacher to hope her students would learn multiplication after they have already understood division.","[{'rating': '5 - Very Likely'}, {'rating': '1 - Impossible'}, {'rating': '2 - Technically Possible'}, {'rating': '1 - Impossible'}, {'rating': '1 - Impossible'}]","[{'feedback': 'The explanation is mostly accurate but doesn’t account for variations in how math is taught in different systems or curricula.'}, {'feedback': ""It doesn't make sense for the teacher to hope her students would learn multiplication after they already understand division, as multiplication is typically a prerequisite concept for division.""}]",pay debts,"The choice ""pay debts"" is implausible because it relates to financial responsibility and personal finance management, which go beyond the academic progression from understanding division to learning a new mathematical concept. Moreover, paying debts involves practical life skills and decision-making that aren't typically taught immediately after students grasp division concepts in a classroom setting.","[{'rating': '4 - Likely'}, {'rating': '2 - Technically Possible'}, {'rating': '1 - Impossible'}, {'rating': '1 - Impossible'}, {'rating': '1 - Impossible'}]","[{'feedback': 'VERY NICE'}, {'feedback': ""They don't teach you how to pay debts in school or financial literacy. ""}]","{'mean': 2, 'variance': 3, 'std_dev': 1.7320508075688772, 'median': 1}","{'mean': 1.8, 'variance': 1.7000000000000002, 'std_dev': 1.3038404810405297, 'median': 1}","[{'rating': '5 - Very Likely'}, {'rating': '5 - Very Likely'}, {'rating': '4 - Likely'}, {'rating': '2 - Technically Possible'}, {'rating': '5 - Very Likely'}]","{'mean': 4.2, 'variance': 1.7, 'std_dev': 1.3038404810405297, 'median': 5}","[{'rating': '2 - Technically Possible'}, {'rating': '2 - Technically Possible'}, {'rating': '2 - Technically Possible'}, {'rating': '2 - Technically Possible'}, {'rating': '1 - Impossible'}]","{'mean': 1.8, 'variance': 0.2, 'std_dev': 0.4472135954999579, 'median': 2}"
What do you do when you're in a new place and want to see new things?,look around,Looking around is too passive and could result in missing hidden gems or attractions that are not immediately visible; actively seeking recommendations or using a guide is a more robust way to discover new things in a new place.,"[{'rating': '4 - Likely'}, {'rating': '2 - Technically Possible'}, {'rating': '5 - Very Likely'}, {'rating': '5 - Very Likely'}, {'rating': '3 - Plausible'}]","[{'feedback': 'nice'}, {'feedback': 'If I only take the underlined explanation into consideration, then I would change my answer to 3-Plausible. However, I feel like seeing new things can mean something different to everyone. Maybe you just want to see new surroundings and not attractions, so technically simply looking around with your eyes would be just fine.'}, {'feedback': ' The answer ""look around"" is plausible, as it is a natural instinct when you\'re in a new place.'}]",interesting,"The word ""interesting"" is an adjective and not an action or suggestion; therefore, it does not answer the question of what to do to see new things in a new place.","[{'rating': '1 - Impossible'}, {'rating': '1 - Impossible'}, {'rating': '1 - Impossible'}, {'rating': '1 - Impossible'}, {'rating': '5 - Very Likely'}]",[],"{'mean': 3.8, 'variance': 1.7, 'std_dev': 1.3038404810405297, 'median': 4}","{'mean': 1.8, 'variance': 3.2000000000000006, 'std_dev': 1.788854381999832, 'median': 1}","[{'rating': '5 - Very Likely'}, {'rating': '5 - Very Likely'}, {'rating': '5 - Very Likely'}, {'rating': '5 - Very Likely'}, {'rating': '4 - Likely'}]","{'mean': 4.8, 'variance': 0.19999999999999998, 'std_dev': 0.4472135954999579, 'median': 5}","[{'rating': '1 - Impossible'}, {'rating': '1 - Impossible'}, {'rating': '1 - Impossible'}, {'rating': '1 - Impossible'}, {'rating': '1 - Impossible'}]","{'mean': 1, 'variance': 0, 'std_dev': 0.0, 'median': 1}"
When going to sleep what happens to your body?,relaxation,"The choice ""relaxation"" is implausible because the process of falling asleep involves complex physiological changes like reduced metabolic rate and altered brain activity, not just a simple state of relaxation, which can occur without leading to sleep. Additionally, stress-related dreams can result in an absence of relaxation during sleep.","[{'rating': '5 - Very Likely'}, {'rating': '5 - Very Likely'}, {'rating': '4 - Likely'}, {'rating': '1 - Impossible'}, {'rating': '3 - Plausible'}]","[{'feedback': ' The explanation brings up an important nuance regarding the complexity of sleep, but ""relaxation"" still works as an answer that broadly describes the feeling that often accompanies the transition to sleep'}]",dreams,"Dreams occur during the rapid eye movement (REM) stage of sleep, which is one of the later stages, not immediately when you go to sleep. Therefore, stating that dreams happen when you go to sleep overlooks the entire progression through non-REM stages that must occur before dreaming typically begins.","[{'rating': '4 - Likely'}, {'rating': '2 - Technically Possible'}, {'rating': '3 - Plausible'}, {'rating': '4 - Likely'}, {'rating': '1 - Impossible'}]","[{'feedback': 'VERY NICE'}, {'feedback': ""Your body doesn't dream, but your mind does.""}]","{'mean': 3.6, 'variance': 2.8, 'std_dev': 1.6733200530681511, 'median': 4}","{'mean': 2.8, 'variance': 1.7, 'std_dev': 1.3038404810405297, 'median': 3}","[{'rating': '5 - Very Likely'}, {'rating': '5 - Very Likely'}, {'rating': '4 - Likely'}, {'rating': '4 - Likely'}, {'rating': '5 - Very Likely'}]","{'mean': 4.6, 'variance': 0.3, 'std_dev': 0.5477225575051661, 'median': 5}","[{'rating': '5 - Very Likely'}, {'rating': '4 - Likely'}, {'rating': '4 - Likely'}, {'rating': '5 - Very Likely'}, {'rating': '4 - Likely'}]","{'mean': 4.4, 'variance': 0.3, 'std_dev': 0.5477225575051661, 'median': 4}"
A person would join a trade school for finding information related to what?,gaining knowledge,"Joining a trade school is primarily for acquiring specific skills and hands-on training rather than just gaining theoretical knowledge, which can often be obtained through traditional academic education or self-study.","[{'rating': '4 - Likely'}, {'rating': '2 - Technically Possible'}, {'rating': '4 - Likely'}, {'rating': '5 - Very Likely'}, {'rating': '3 - Plausible'}]","[{'feedback': 'nice'}, {'feedback': 'Yes but learning how to do a skill is still gaining knowledge of said skill.'}, {'feedback': 'The explanation is clear, but it could emphasize that the knowledge gained in trade school is often more focused on practical and applied learning, compared to a more theoretical approach in traditional schools.'}]",degree,"Trade schools focus on providing vocational education and practical skills training, rather than offering formal degrees, which are typically pursued through traditional colleges or universities.","[{'rating': '4 - Likely'}, {'rating': '2 - Technically Possible'}, {'rating': '2 - Technically Possible'}, {'rating': '1 - Impossible'}, {'rating': '4 - Likely'}]",[],"{'mean': 3.6, 'variance': 1.3, 'std_dev': 1.140175425099138, 'median': 4}","{'mean': 2.6, 'variance': 1.8, 'std_dev': 1.3416407864998738, 'median': 2}","[{'rating': '5 - Very Likely'}, {'rating': '4 - Likely'}, {'rating': '4 - Likely'}, {'rating': '4 - Likely'}, {'rating': '2 - Technically Possible'}]","{'mean': 3.8, 'variance': 1.2, 'std_dev': 1.0954451150103321, 'median': 4}","[{'rating': '4 - Likely'}, {'rating': '3 - Plausible'}, {'rating': '5 - Very Likely'}, {'rating': '1 - Impossible'}, {'rating': '5 - Very Likely'}]","{'mean': 3.6, 'variance': 2.8, 'std_dev': 1.6733200530681511, 'median': 4}"
"Setting up framing, truss and beam are some of the first steps in what?",new construction,"""New construction"" is too broad an answer, as framing, truss, and beam setup are specific steps typically associated with building structures, not necessarily applicable to all types of new construction projects like roadways or digital infrastructures.","[{'rating': '5 - Very Likely'}, {'rating': '3 - Plausible'}, {'rating': '4 - Likely'}, {'rating': '2 - Technically Possible'}, {'rating': '4 - Likely'}]","[{'feedback': 'While the answer is mostly accurate for building construction, it could be more specific to avoid ambiguity.'}, {'feedback': ' Framing, truss, and beam setup are typical steps in building construction, making ""new construction"" a likely answer, although it could be more specific, such as ""building construction"".'}]",ceiling,"The initial steps of setting up framing, truss, and beam are typically related to structural components of a building, such as walls or roofs, rather than specifically related to a ceiling, which does not require such extensive foundational construction elements.","[{'rating': '4 - Likely'}, {'rating': '2 - Technically Possible'}, {'rating': '1 - Impossible'}, {'rating': '2 - Technically Possible'}, {'rating': '1 - Impossible'}]",[{'feedback': 'I AM VERY LIKELY'}],"{'mean': 3.6, 'variance': 1.3, 'std_dev': 1.140175425099138, 'median': 4}","{'mean': 2, 'variance': 1.5, 'std_dev': 1.224744871391589, 'median': 2}","[{'rating': '5 - Very Likely'}, {'rating': '5 - Very Likely'}, {'rating': '5 - Very Likely'}, {'rating': '5 - Very Likely'}, {'rating': '5 - Very Likely'}]","{'mean': 5, 'variance': 0, 'std_dev': 0.0, 'median': 5}","[{'rating': '3 - Plausible'}, {'rating': '3 - Plausible'}, {'rating': '5 - Very Likely'}, {'rating': '5 - Very Likely'}, {'rating': '3 - Plausible'}]","{'mean': 3.8, 'variance': 1.2, 'std_dev': 1.0954451150103321, 'median': 3}"
Where is the large area location of the empire state building?,new york city,"The choice ""new york city"" is implausible for identifying the large area location of the Empire State Building because New York City is not large enough to be considered a large area location, such as a country or continent. The term ""large area location"" typically refers to broader geographical regions beyond individual cities.","[{'rating': '4 - Likely'}, {'rating': '2 - Technically Possible'}, {'rating': '5 - Very Likely'}, {'rating': '3 - Plausible'}, {'rating': '5 - Very Likely'}]","[{'feedback': 'This is kind of an ungrammatical question, but is broadly correct.'}]",fifth avenue,"Fifth Avenue, while being a notable street in Manhattan, is not considered a 'large area location'; the Empire State Building is more accurately located in Midtown Manhattan, which is a large area.","[{'rating': '1 - Impossible'}, {'rating': '1 - Impossible'}, {'rating': '1 - Impossible'}, {'rating': '3 - Plausible'}, {'rating': '1 - Impossible'}]","[{'feedback': ""is not considered a 'large area location'; the Empire State Building is more accurately located in Midtown Manhattan""}, {'feedback': 'The explanation is clear and supports the impossible rating'}]","{'mean': 3.8, 'variance': 1.7, 'std_dev': 1.3038404810405297, 'median': 4}","{'mean': 1.4, 'variance': 0.8, 'std_dev': 0.8944271909999159, 'median': 1}","[{'rating': '5 - Very Likely'}, {'rating': '5 - Very Likely'}, {'rating': '5 - Very Likely'}, {'rating': '5 - Very Likely'}, {'rating': '5 - Very Likely'}]","{'mean': 5, 'variance': 0, 'std_dev': 0.0, 'median': 5}","[{'rating': '3 - Plausible'}, {'rating': '4 - Likely'}, {'rating': '3 - Plausible'}, {'rating': '4 - Likely'}, {'rating': '1 - Impossible'}]","{'mean': 3, 'variance': 1.5, 'std_dev': 1.224744871391589, 'median': 3}"
"If a car-less person want to listen to talk radio in private, where might they listen to it?",bedroom,"The bedroom is an implausible choice because it is a communal space shared with others in many households, which makes it difficult to ensure full privacy for listening to talk radio. Additionally, a person might not have access to a radio or leisure time in their own bedroom if they share living accommodations.","[{'rating': '3 - Plausible'}, {'rating': '1 - Impossible'}, {'rating': '3 - Plausible'}, {'rating': '4 - Likely'}, {'rating': '4 - Likely'}]","[{'feedback': 'This is very possible, though I could see them in many other potential contexts as well.'}, {'feedback': 'The explanation is incorrect, a bedroom is not communal space shared with others.'}]",diner,"A diner is an unlikely choice for listening to talk radio in private because it is a public setting that is often noisy with the chatter of other patrons and clinking of dishes, making it difficult to listen to anything privately.","[{'rating': '2 - Technically Possible'}, {'rating': '1 - Impossible'}, {'rating': '2 - Technically Possible'}, {'rating': '3 - Plausible'}, {'rating': '1 - Impossible'}]","[{'feedback': 'Unlikely but not impossible'}, {'feedback': 'Diners are typically public, noisy environments that make it difficult to focus on audio content.'}]","{'mean': 3, 'variance': 1.5, 'std_dev': 1.224744871391589, 'median': 3}","{'mean': 1.8, 'variance': 0.7000000000000001, 'std_dev': 0.8366600265340756, 'median': 2}","[{'rating': '4 - Likely'}, {'rating': '2 - Technically Possible'}, {'rating': '4 - Likely'}, {'rating': '3 - Plausible'}, {'rating': '5 - Very Likely'}]","{'mean': 3.6, 'variance': 1.3, 'std_dev': 1.140175425099138, 'median': 4}","[{'rating': '2 - Technically Possible'}, {'rating': '1 - Impossible'}, {'rating': '1 - Impossible'}, {'rating': '1 - Impossible'}, {'rating': '2 - Technically Possible'}]","{'mean': 1.4, 'variance': 0.3, 'std_dev': 0.5477225575051661, 'median': 1}"
What kind of food makes someone sick?,unhealthy,"The choice ""unhealthy"" is implausible because not all unhealthy foods necessarily cause immediate sickness; some might contribute to long-term health issues rather than causing acute illness. Additionally, people can become sick from food that is technically healthy if it is improperly stored or prepared.","[{'rating': '4 - Likely'}, {'rating': '2 - Technically Possible'}, {'rating': '5 - Very Likely'}, {'rating': '2 - Technically Possible'}, {'rating': '5 - Very Likely'}]",[{'feedback': 'I think pretty much goes by definition that unhealthy food makes you sick in one way or another.'}],necessary to live,"The choice ""necessary to live"" is implausible because food that is essential for survival, like water and basic nutrients, is less likely to make someone sick as these are fundamental to maintaining health. Illness is typically caused by contaminated, spoiled, or allergenic foods rather than the core nutrients required for life.","[{'rating': '1 - Impossible'}, {'rating': '2 - Technically Possible'}, {'rating': '1 - Impossible'}, {'rating': '3 - Plausible'}, {'rating': '2 - Technically Possible'}]","[{'feedback': 'The answer does not answer the question. '}, {'feedback': 'The explanation provided accurately highlights the inconsistency between food necessary for survival and food that makes someone sick'}]","{'mean': 3.6, 'variance': 2.3000000000000003, 'std_dev': 1.5165750888103102, 'median': 4}","{'mean': 1.8, 'variance': 0.7000000000000001, 'std_dev': 0.8366600265340756, 'median': 2}","[{'rating': '3 - Plausible'}, {'rating': '3 - Plausible'}, {'rating': '2 - Technically Possible'}, {'rating': '4 - Likely'}, {'rating': '3 - Plausible'}]","{'mean': 3, 'variance': 0.5, 'std_dev': 0.7071067811865476, 'median': 3}","[{'rating': '1 - Impossible'}, {'rating': '4 - Likely'}, {'rating': '1 - Impossible'}, {'rating': '1 - Impossible'}, {'rating': '1 - Impossible'}]","{'mean': 1.6, 'variance': 1.8, 'std_dev': 1.3416407864998738, 'median': 1}"
"The man  tried to break the glass in order to make his escape in time, but he could not.  The person in the cat, trying to kill him, did what?",accelerate,"The choice ""accelerate"" is implausible because a cat would not have the capability to drive or be associated with acceleration in a pursuit; instead, it would be more likely to pounce, stalk, or focus on prey with its natural abilities.","[{'rating': '3 - Plausible'}, {'rating': '2 - Technically Possible'}, {'rating': '2 - Technically Possible'}, {'rating': '1 - Impossible'}, {'rating': '1 - Impossible'}]","[{'feedback': 'nice'}, {'feedback': 'A spelling error in the question has caused this answer to be impossible.'}, {'feedback': ' The item seems to involve a mix-up or confusion about the roles of animals and human-like actions, which makes the answer feel out of place.'}]",train,"The choice ""train"" is implausible because a train is an inanimate object and thus incapable of taking any deliberate actions, such as attempting to kill someone.","[{'rating': '1 - Impossible'}, {'rating': '1 - Impossible'}, {'rating': '1 - Impossible'}, {'rating': '1 - Impossible'}, {'rating': '2 - Technically Possible'}]",[],"{'mean': 1.8, 'variance': 0.7000000000000001, 'std_dev': 0.8366600265340756, 'median': 2}","{'mean': 1.2, 'variance': 0.2, 'std_dev': 0.4472135954999579, 'median': 1}","[{'rating': '2 - Technically Possible'}, {'rating': '1 - Impossible'}, {'rating': '2 - Technically Possible'}, {'rating': '5 - Very Likely'}, {'rating': '3 - Plausible'}]","{'mean': 2.6, 'variance': 2.3000000000000003, 'std_dev': 1.5165750888103102, 'median': 2}","[{'rating': '1 - Impossible'}, {'rating': '1 - Impossible'}, {'rating': '1 - Impossible'}, {'rating': '1 - Impossible'}, {'rating': '1 - Impossible'}]","{'mean': 1, 'variance': 0, 'std_dev': 0.0, 'median': 1}"
What is a wet person likely to do?,catch cold,"""Catching cold"" is an implausible immediate action for a wet person because getting wet does not instantly result in catching a cold; colds are caused by viruses, not by being wet.","[{'rating': '3 - Plausible'}, {'rating': '2 - Technically Possible'}, {'rating': '3 - Plausible'}, {'rating': '1 - Impossible'}, {'rating': '2 - Technically Possible'}]","[{'feedback': 'nice'}, {'feedback': 'Checks out'}, {'feedback': 'The explanation is clear in pointing out the distinction between wetness and catching a cold. '}]",thank god,"Thanking God is not a direct physical action associated with being wet; a wet person is more likely to seek a towel or shelter to dry off, rather than focusing on a spiritual response in that moment.","[{'rating': '1 - Impossible'}, {'rating': '2 - Technically Possible'}, {'rating': '2 - Technically Possible'}, {'rating': '1 - Impossible'}, {'rating': '1 - Impossible'}]",[],"{'mean': 2.2, 'variance': 0.7, 'std_dev': 0.8366600265340756, 'median': 2}","{'mean': 1.4, 'variance': 0.3, 'std_dev': 0.5477225575051661, 'median': 1}","[{'rating': '5 - Very Likely'}, {'rating': '3 - Plausible'}, {'rating': '4 - Likely'}, {'rating': '3 - Plausible'}, {'rating': '4 - Likely'}]","{'mean': 3.8, 'variance': 0.7, 'std_dev': 0.8366600265340756, 'median': 4}","[{'rating': '1 - Impossible'}, {'rating': '4 - Likely'}, {'rating': '3 - Plausible'}, {'rating': '2 - Technically Possible'}, {'rating': '2 - Technically Possible'}]","{'mean': 2.4, 'variance': 1.3, 'std_dev': 1.140175425099138, 'median': 2}"
"The teacher played on the upright piano, she was explaining the song to all the students in the what?",music room,"The choice ""music room"" is implausible because it is too obvious and lacks creativity; a music-related activity in a school would naturally take place in a music room, and the question is likely seeking a less predictable location connected to a specific context or event.","[{'rating': '5 - Very Likely'}, {'rating': '5 - Very Likely'}, {'rating': '5 - Very Likely'}, {'rating': '3 - Plausible'}, {'rating': '4 - Likely'}]",[],living room,"The choice ""living room"" is implausible because a teacher typically conducts music lessons in a classroom or music room, not in a living room, which is a space usually associated with a private residence rather than an educational setting.","[{'rating': '2 - Technically Possible'}, {'rating': '2 - Technically Possible'}, {'rating': '2 - Technically Possible'}, {'rating': '3 - Plausible'}, {'rating': '2 - Technically Possible'}]",[{'feedback': 'If the teacher has a homely setup this is possible.'}],"{'mean': 4.4, 'variance': 0.8, 'std_dev': 0.8944271909999159, 'median': 5}","{'mean': 2.2, 'variance': 0.19999999999999998, 'std_dev': 0.4472135954999579, 'median': 2}","[{'rating': '5 - Very Likely'}, {'rating': '4 - Likely'}, {'rating': '4 - Likely'}, {'rating': '5 - Very Likely'}, {'rating': '4 - Likely'}]","{'mean': 4.4, 'variance': 0.3, 'std_dev': 0.5477225575051661, 'median': 4}","[{'rating': '3 - Plausible'}, {'rating': '3 - Plausible'}, {'rating': '4 - Likely'}, {'rating': '3 - Plausible'}, {'rating': '3 - Plausible'}]","{'mean': 3.2, 'variance': 0.19999999999999998, 'std_dev': 0.4472135954999579, 'median': 3}"
