context,question,gold_label,gold_label_con_rationale,gold_label_ratings,feedback_gold_label,distractor,distractor_con_rationale,distractor_ratings,feedback_distractor,gold_label_stats,distractor_stats,gold_label_no_rationale_ratings,gold_label_no_rationale_stats,distractor_no_rationale_ratings,distractor_no_rationale_stats
Bailey was at his friends house one day when the house next door caught on fire.,What will happen to Others?,lose their home in the fire,"The house catching on fire does not guarantee that the damage will be severe enough to destroy the entire home, making it unlikely for others to lose their home. Additionally, prompt response from fire services could prevent the fire from spreading and causing total loss.","[{'rating': '3 - Plausible'}, {'rating': '3 - Plausible'}, {'rating': '3 - Plausible'}, {'rating': '1 - Impossible'}, {'rating': '3 - Plausible'}]",[],set someone else's house on fire,"The choice for others to ""set someone else's house on fire"" is implausible because it suggests a deliberate and malicious act rather than a consequence of the accidental fire next door. In a crisis situation like a house fire, people's natural response is usually to help or to seek safety, not to commit arson.","[{'rating': '1 - Impossible'}, {'rating': '2 - Technically Possible'}, {'rating': '3 - Plausible'}, {'rating': '2 - Technically Possible'}, {'rating': '1 - Impossible'}]",[],"{'mean': 2.6, 'variance': 0.8, 'std_dev': 0.8944271909999159, 'median': 3}","{'mean': 1.8, 'variance': 0.7000000000000001, 'std_dev': 0.8366600265340756, 'median': 2}","[{'rating': '4 - Likely'}, {'rating': '4 - Likely'}, {'rating': '4 - Likely'}, {'rating': '1 - Impossible'}, {'rating': '3 - Plausible'}]","{'mean': 3.2, 'variance': 1.7, 'std_dev': 1.3038404810405297, 'median': 4}","[{'rating': '1 - Impossible'}, {'rating': '2 - Technically Possible'}, {'rating': '2 - Technically Possible'}, {'rating': '3 - Plausible'}, {'rating': '2 - Technically Possible'}]","{'mean': 2, 'variance': 0.5, 'std_dev': 0.7071067811865476, 'median': 2}"
"After years of bullying in high school, Sasha graduated at the top of her class and got a great job. Sasha got revenge on the people.",How would you describe Sasha?,a competent person,"Describing Sasha as ""a competent person"" is implausible in this context because the term ""competent"" lacks the emotional depth and context needed to encapsulate her journey from being bullied to achieving great success, overshadowing the theme of resilience and perseverance central to her story. This term fails to acknowledge the extent of her achievements and undermines the narrative of overcoming adversity.","[{'rating': '1 - Impossible'}, {'rating': '2 - Technically Possible'}, {'rating': '3 - Plausible'}, {'rating': '2 - Technically Possible'}, {'rating': '5 - Very Likely'}]",[],bad for bullying her,"Describing Sasha as ""bad for bullying her"" is implausible because Sasha is the victim of bullying, not the perpetrator. Her accomplishment and success despite being bullied showcase resilience and determination rather than any negative behavior such as bullying.","[{'rating': '1 - Impossible'}, {'rating': '1 - Impossible'}, {'rating': '1 - Impossible'}, {'rating': '2 - Technically Possible'}, {'rating': '2 - Technically Possible'}]","[{'feedback': ""It doesn't describe how she got revenge on them. Perhaps she bullied them later in life.""}]","{'mean': 2.6, 'variance': 2.3000000000000003, 'std_dev': 1.5165750888103102, 'median': 2}","{'mean': 1.4, 'variance': 0.3, 'std_dev': 0.5477225575051661, 'median': 1}","[{'rating': '4 - Likely'}, {'rating': '5 - Very Likely'}, {'rating': '5 - Very Likely'}, {'rating': '5 - Very Likely'}, {'rating': '4 - Likely'}]","{'mean': 4.6, 'variance': 0.3, 'std_dev': 0.5477225575051661, 'median': 5}","[{'rating': '1 - Impossible'}, {'rating': '2 - Technically Possible'}, {'rating': '1 - Impossible'}, {'rating': '1 - Impossible'}, {'rating': '1 - Impossible'}]","{'mean': 1.2, 'variance': 0.2, 'std_dev': 0.4472135954999579, 'median': 1}"
Skylar knew they were nervous and he wanted to ease their minds.,What does Skylar need to do before this?,put together a strong presentation detailing his ideas on how to proceed,"This choice is implausible because putting together a strong presentation would likely heighten anxiety rather than ease their minds, as they might feel pressured by the formality and feel less engaged in an open, supportive conversation. Furthermore, preparing a detailed presentation implies a longer-term strategy, whereas addressing nervousness usually requires immediate, interpersonal reassurance.","[{'rating': '2 - Technically Possible'}, {'rating': '2 - Technically Possible'}, {'rating': '4 - Likely'}, {'rating': '2 - Technically Possible'}, {'rating': '3 - Plausible'}]","[{'feedback': 'Expalnation says implausible but i think the highlighted answer indicates a huge possibility'}, {'feedback': 'we don\'t know what, exactly, ""strong presentation"" means. AI is assuming this ""strong presentation"" was ""detailed"" — which, while likely, is not necessarily what happened.'}]",insult their worries,"Insulting their worries would likely increase their anxiety and make them feel invalidated, which is the opposite of easing their minds. To help calm them, Skylar should opt for supportive and reassuring actions instead.","[{'rating': '1 - Impossible'}, {'rating': '1 - Impossible'}, {'rating': '1 - Impossible'}, {'rating': '1 - Impossible'}, {'rating': '1 - Impossible'}]",[{'feedback': 'It is not possible for Skylar to insult their worries since all he wants is to ease their minds and not to increase their anxiety.'}],"{'mean': 2.6, 'variance': 0.7999999999999999, 'std_dev': 0.8944271909999159, 'median': 2}","{'mean': 1, 'variance': 0, 'std_dev': 0.0, 'median': 1}","[{'rating': '4 - Likely'}, {'rating': '4 - Likely'}, {'rating': '5 - Very Likely'}, {'rating': '3 - Plausible'}, {'rating': '5 - Very Likely'}]","{'mean': 4.2, 'variance': 0.7, 'std_dev': 0.8366600265340756, 'median': 4}","[{'rating': '1 - Impossible'}, {'rating': '2 - Technically Possible'}, {'rating': '2 - Technically Possible'}, {'rating': '3 - Plausible'}, {'rating': '1 - Impossible'}]","{'mean': 1.8, 'variance': 0.7000000000000001, 'std_dev': 0.8366600265340756, 'median': 2}"
Jordan's smoking had negative affects on the health of the children.,What will Others want to do next?,take the children to the doctor,"Taking the children to the doctor could address immediate health concerns, but it does not solve the root cause of Jordan's smoking, which is a more direct action others might consider. The question implies looking for preventive or corrective measures, rather than a reactive medical check-up.","[{'rating': '2 - Technically Possible'}, {'rating': '2 - Technically Possible'}, {'rating': '2 - Technically Possible'}, {'rating': '5 - Very Likely'}, {'rating': '4 - Likely'}]","[{'feedback': ""i agree with the explanation, as taking the kids to the doctor wouldn't necessarily stop Jordan from smoking again""}, {'feedback': ""AI doesn't know *what* this question implies. :-).""}]",Smoke with Jordan,It is implausible that others would want to smoke with Jordan as they are aware of the negative health effects his smoking has on children. Encouraging or participating in smoking could exacerbate the situation rather than mitigate the harmful impact on children's health.,"[{'rating': '2 - Technically Possible'}, {'rating': '2 - Technically Possible'}, {'rating': '1 - Impossible'}, {'rating': '1 - Impossible'}, {'rating': '1 - Impossible'}]",[],"{'mean': 3, 'variance': 2, 'std_dev': 1.4142135623730951, 'median': 2}","{'mean': 1.4, 'variance': 0.3, 'std_dev': 0.5477225575051661, 'median': 1}","[{'rating': '2 - Technically Possible'}, {'rating': '4 - Likely'}, {'rating': '5 - Very Likely'}, {'rating': '4 - Likely'}, {'rating': '5 - Very Likely'}]","{'mean': 4, 'variance': 1.5, 'std_dev': 1.224744871391589, 'median': 4}","[{'rating': '1 - Impossible'}, {'rating': '1 - Impossible'}, {'rating': '2 - Technically Possible'}, {'rating': '2 - Technically Possible'}, {'rating': '2 - Technically Possible'}]","{'mean': 1.6, 'variance': 0.3, 'std_dev': 0.5477225575051661, 'median': 2}"
Tracy understood Casey's stance better after they had a long conversation together.,What does Tracy need to do before this?,ask Casey to talk,"The choice ""ask Casey to talk"" is implausible because it presupposes that Tracy would need explicit permission or an invitation to engage in a conversation with Casey, which isn’t necessarily true as conversations often occur naturally without formal requests. Additionally, the context implies that a conversation has already taken place, suggesting that initiation was not an issue.","[{'rating': '2 - Technically Possible'}, {'rating': '2 - Technically Possible'}, {'rating': '3 - Plausible'}, {'rating': '3 - Plausible'}, {'rating': '4 - Likely'}]",[],listen to Tom,"The implausibility of the choice lies in the fact that listening to Tom is unrelated to understanding Casey's stance, as it was Tracy's conversation with Casey that facilitated understanding, not any interaction with a third party like Tom. Prioritize direct communication with the primary individual involved to comprehend their viewpoint more effectively.","[{'rating': '2 - Technically Possible'}, {'rating': '4 - Likely'}, {'rating': '1 - Impossible'}, {'rating': '2 - Technically Possible'}, {'rating': '2 - Technically Possible'}]","[{'feedback': 'Tom is not related in this instance, but he could be a party to the disagreement.'}]","{'mean': 2.8, 'variance': 0.7, 'std_dev': 0.8366600265340756, 'median': 3}","{'mean': 2.2, 'variance': 1.2, 'std_dev': 1.0954451150103321, 'median': 2}","[{'rating': '4 - Likely'}, {'rating': '3 - Plausible'}, {'rating': '5 - Very Likely'}, {'rating': '4 - Likely'}, {'rating': '5 - Very Likely'}]","{'mean': 4.2, 'variance': 0.7, 'std_dev': 0.8366600265340756, 'median': 4}","[{'rating': '1 - Impossible'}, {'rating': '1 - Impossible'}, {'rating': '2 - Technically Possible'}, {'rating': '2 - Technically Possible'}, {'rating': '1 - Impossible'}]","{'mean': 1.4, 'variance': 0.3, 'std_dev': 0.5477225575051661, 'median': 1}"
Bailey asked Alex to send them the pdf for the school project but Alex never did.,What will happen to Bailey?,blame Alex,"Blaming Alex is implausible because Bailey might decide to take responsibility for not following up on the request or find an alternative solution without assigning blame. Additionally, it might not solve the immediate issue of needing the pdf for the project.","[{'rating': '2 - Technically Possible'}, {'rating': '3 - Plausible'}, {'rating': '2 - Technically Possible'}, {'rating': '2 - Technically Possible'}, {'rating': '3 - Plausible'}]","[{'feedback': 'it is plausible for bailey to blame alex; but, i do not know bailey enough to confidently answer whether that\'s a course of action bailey wishes to undertake. blaming alex is plausible, but it is unknown if that\'s what bailey will do. so.. ..maybe i should downgrade my choice from ""plausible"" to ""technically possible,"" in commemoration of such.'}]",have to start over,"Bailey will not necessarily have to start over because they can try to contact Alex again or seek the pdf from other classmates. Starting over is implausible given the possibility of alternative solutions, like accessing other resources or previous work.","[{'rating': '2 - Technically Possible'}, {'rating': '2 - Technically Possible'}, {'rating': '2 - Technically Possible'}, {'rating': '1 - Impossible'}, {'rating': '1 - Impossible'}]","[{'feedback': 'Given that there are other options to explore, starting all over again is highly unlikely'}, {'feedback': ""It's impossible to Bailey to start over given the other options she has.""}]","{'mean': 2.4, 'variance': 0.3, 'std_dev': 0.5477225575051661, 'median': 2}","{'mean': 1.6, 'variance': 0.3, 'std_dev': 0.5477225575051661, 'median': 2}","[{'rating': '5 - Very Likely'}, {'rating': '2 - Technically Possible'}, {'rating': '5 - Very Likely'}, {'rating': '5 - Very Likely'}, {'rating': '5 - Very Likely'}]","{'mean': 4.4, 'variance': 1.8, 'std_dev': 1.3416407864998738, 'median': 5}","[{'rating': '3 - Plausible'}, {'rating': '3 - Plausible'}, {'rating': '5 - Very Likely'}, {'rating': '3 - Plausible'}, {'rating': '4 - Likely'}]","{'mean': 3.6, 'variance': 0.7999999999999999, 'std_dev': 0.8944271909999159, 'median': 3}"
Carson's friend wanted something sweet to drink. Carson gave their friend some milk.,What will happen to Carson?,talk to the friend,"This choice is implausible because Carson has already addressed the friend's desire for a sweet drink by giving milk, making further conversation unnecessary. Additionally, not all acts of giving need to be followed by a discussion, especially in such a straightforward scenario.","[{'rating': '1 - Impossible'}, {'rating': '1 - Impossible'}, {'rating': '4 - Likely'}, {'rating': '3 - Plausible'}, {'rating': '5 - Very Likely'}]",[{'feedback': 'Conversations are usually multi-step.'}],ask for milk,"It is implausible for Carson to ask for milk because Carson is the one providing the milk to their friend, indicating that they likely already had access to it and do not need to ask for more.","[{'rating': '2 - Technically Possible'}, {'rating': '1 - Impossible'}, {'rating': '1 - Impossible'}, {'rating': '2 - Technically Possible'}, {'rating': '4 - Likely'}]","[{'feedback': ""They had the milk so it wouldn't make sense for them to ask for it, but they could. It'd be weird, but they could.""}]","{'mean': 2.8, 'variance': 3.2, 'std_dev': 1.7888543819998317, 'median': 3}","{'mean': 2, 'variance': 1.5, 'std_dev': 1.224744871391589, 'median': 2}","[{'rating': '2 - Technically Possible'}, {'rating': '4 - Likely'}, {'rating': '3 - Plausible'}, {'rating': '5 - Very Likely'}, {'rating': '4 - Likely'}]","{'mean': 3.6, 'variance': 1.3, 'std_dev': 1.140175425099138, 'median': 4}","[{'rating': '4 - Likely'}, {'rating': '4 - Likely'}, {'rating': '2 - Technically Possible'}, {'rating': '2 - Technically Possible'}, {'rating': '1 - Impossible'}]","{'mean': 2.6, 'variance': 1.8, 'std_dev': 1.3416407864998738, 'median': 2}"
Riley told Lee to stay at work a little later that night.,What will happen to Lee?,he will make money,"Given the context, staying at work later does not inherently guarantee that Lee will make more money, as the extra time could be unpaid overtime or involve tasks that do not contribute directly to Lee's income. Additionally, Riley's request for Lee to stay might be related to an unexpected event or issue that needs attention, rather than an opportunity for financial gain.","[{'rating': '2 - Technically Possible'}, {'rating': '3 - Plausible'}, {'rating': '2 - Technically Possible'}, {'rating': '2 - Technically Possible'}, {'rating': '3 - Plausible'}]","[{'feedback': 'i think the AI and I both agree with this one, too'}]",he will quit,"It is unlikely that Lee will quit simply because he was asked to stay late one night, as most employees understand that occasional overtime is part of workplace expectations and quitting over a single event would be an overreaction. Additionally, quitting immediately would jeopardize Lee's financial stability and employment reputation without pursuing any conflict resolution or discussion first.","[{'rating': '1 - Impossible'}, {'rating': '2 - Technically Possible'}, {'rating': '2 - Technically Possible'}, {'rating': '1 - Impossible'}, {'rating': '1 - Impossible'}]",[],"{'mean': 2.4, 'variance': 0.3, 'std_dev': 0.5477225575051661, 'median': 2}","{'mean': 1.4, 'variance': 0.3, 'std_dev': 0.5477225575051661, 'median': 1}","[{'rating': '4 - Likely'}, {'rating': '4 - Likely'}, {'rating': '4 - Likely'}, {'rating': '4 - Likely'}, {'rating': '5 - Very Likely'}]","{'mean': 4.2, 'variance': 0.19999999999999998, 'std_dev': 0.4472135954999579, 'median': 4}","[{'rating': '2 - Technically Possible'}, {'rating': '2 - Technically Possible'}, {'rating': '3 - Plausible'}, {'rating': '2 - Technically Possible'}, {'rating': '2 - Technically Possible'}]","{'mean': 2.2, 'variance': 0.19999999999999998, 'std_dev': 0.4472135954999579, 'median': 2}"
Sasha spent Austin's money trying to win a prize even when the odds were stacked against her.,What will Austin want to do next?,yell at Sasha for doing that,"It's implausible that Austin would want to simply yell at Sasha, as doing so would not address the loss of his money or lead to any meaningful resolution; he would more likely focus on discussing the situation calmly to prevent it from happening again.","[{'rating': '3 - Plausible'}, {'rating': '4 - Likely'}, {'rating': '3 - Plausible'}, {'rating': '2 - Technically Possible'}, {'rating': '2 - Technically Possible'}]","[{'feedback': 'Possible, but not probable.'}]",pull out more money,"Austin is unlikely to want to pull out more money since Sasha's previous gambling attempt already resulted in a loss, highlighting the futility of risking more of his finances. Continuing to spend money in a situation with poor odds would be irrational and contrary to a logical response to diminished returns.","[{'rating': '2 - Technically Possible'}, {'rating': '3 - Plausible'}, {'rating': '1 - Impossible'}, {'rating': '2 - Technically Possible'}, {'rating': '2 - Technically Possible'}]","[{'feedback': ""They likely wouldn't want to, but it is possible because Austin could have the mindset of Sasha trying to get it back for him.""}]","{'mean': 2.8, 'variance': 0.7, 'std_dev': 0.8366600265340756, 'median': 3}","{'mean': 2, 'variance': 0.5, 'std_dev': 0.7071067811865476, 'median': 2}","[{'rating': '3 - Plausible'}, {'rating': '1 - Impossible'}, {'rating': '5 - Very Likely'}, {'rating': '5 - Very Likely'}, {'rating': '5 - Very Likely'}]","{'mean': 3.8, 'variance': 3.1999999999999997, 'std_dev': 1.7888543819998317, 'median': 5}","[{'rating': '4 - Likely'}, {'rating': '1 - Impossible'}, {'rating': '2 - Technically Possible'}, {'rating': '4 - Likely'}, {'rating': '1 - Impossible'}]","{'mean': 2.4, 'variance': 2.3000000000000003, 'std_dev': 1.5165750888103102, 'median': 2}"
Robin built a snowman in the snow and gave it a new name.,What will Robin want to do next?,put a carrot in the nose,"Robin already gave the snowman a new name, suggesting that the creative process may be complete, and putting a carrot in the nose is typically an earlier step in snowman construction. Therefore, it is implausible that adding a carrot would follow after naming the snowman, as it seems chronological steps are being reversed.","[{'rating': '2 - Technically Possible'}, {'rating': '1 - Impossible'}, {'rating': '1 - Impossible'}, {'rating': '4 - Likely'}, {'rating': '3 - Plausible'}]","[{'feedback': 'Building a snowman usually ends with putting on various accessories such as rocks for buttons, a carrot for a nose, and a hat.  The name usually comes after the snowman as a whole is built.'}]",destroy it,"Destroying the snowman immediately after building and naming it seems implausible, as Robin likely feels a sense of accomplishment and attachment to the creation, making them more inclined to enjoy it rather than destroy it. Naming signifies a level of emotional investment, suggesting that Robin's likely next actions would involve interacting with or showing the snowman to others, not demolishing it.","[{'rating': '2 - Technically Possible'}, {'rating': '1 - Impossible'}, {'rating': '2 - Technically Possible'}, {'rating': '3 - Plausible'}, {'rating': '2 - Technically Possible'}]",[],"{'mean': 2.2, 'variance': 1.7, 'std_dev': 1.3038404810405297, 'median': 2}","{'mean': 2, 'variance': 0.5, 'std_dev': 0.7071067811865476, 'median': 2}","[{'rating': '4 - Likely'}, {'rating': '3 - Plausible'}, {'rating': '5 - Very Likely'}, {'rating': '1 - Impossible'}, {'rating': '4 - Likely'}]","{'mean': 3.4, 'variance': 2.3000000000000003, 'std_dev': 1.5165750888103102, 'median': 4}","[{'rating': '4 - Likely'}, {'rating': '1 - Impossible'}, {'rating': '2 - Technically Possible'}, {'rating': '2 - Technically Possible'}, {'rating': '1 - Impossible'}]","{'mean': 2, 'variance': 1.5, 'std_dev': 1.224744871391589, 'median': 2}"
Kendall said that nobody was to use their phone. Jesse used Kendall's phone anyway.,What will Kendall want to do next?,lock their phone,"Kendall likely wants to trust that their instruction of not using phones is respected, so immediately locking their phone might not have been their intended solution. Given that Jesse used Kendall's phone, it suggests they had access to it despite any lock, making locking it potentially ineffective.","[{'rating': '3 - Plausible'}, {'rating': '5 - Very Likely'}, {'rating': '5 - Very Likely'}, {'rating': '4 - Likely'}, {'rating': '4 - Likely'}]",[],compliment Jesse,"It is implausible that Kendall would want to compliment Jesse for using their phone, as it directly contradicts Kendall's prior instruction that nobody was to use their phone. Complimenting Jesse would undermine Kendall's authority and the seriousness of their demand.","[{'rating': '2 - Technically Possible'}, {'rating': '2 - Technically Possible'}, {'rating': '2 - Technically Possible'}, {'rating': '1 - Impossible'}, {'rating': '1 - Impossible'}]",[],"{'mean': 4.2, 'variance': 0.7, 'std_dev': 0.8366600265340756, 'median': 4}","{'mean': 1.6, 'variance': 0.3, 'std_dev': 0.5477225575051661, 'median': 2}","[{'rating': '5 - Very Likely'}, {'rating': '5 - Very Likely'}, {'rating': '5 - Very Likely'}, {'rating': '5 - Very Likely'}, {'rating': '5 - Very Likely'}]","{'mean': 5, 'variance': 0, 'std_dev': 0.0, 'median': 5}","[{'rating': '2 - Technically Possible'}, {'rating': '2 - Technically Possible'}, {'rating': '2 - Technically Possible'}, {'rating': '1 - Impossible'}, {'rating': '1 - Impossible'}]","{'mean': 1.6, 'variance': 0.3, 'std_dev': 0.5477225575051661, 'median': 2}"
"Ash was nervous, and cringed when they missed a step, but knew that the best thing to do is push forward. They earned a standing ovation.",Why did Ash do this?,Prove they could do it,"The choice ""Prove they could do it"" is implausible because if Ash was truly determined to prove themselves, they would not have cringed at missing a step, as self-doubt does not align with the confidence needed to prove one's abilities. Cringing suggests a lack of confidence, which is incompatible with the intention of demonstrating one's capability.","[{'rating': '2 - Technically Possible'}, {'rating': '4 - Likely'}, {'rating': '2 - Technically Possible'}, {'rating': '4 - Likely'}, {'rating': '3 - Plausible'}]",[],Quit while they were ahead,"It's implausible that Ash quit while they were ahead because the context describes them missing a step and pushing forward, which indicates perseverance and continuation, not quitting. Quitting does not align with the subsequent achievement of earning a standing ovation.","[{'rating': '1 - Impossible'}, {'rating': '1 - Impossible'}, {'rating': '2 - Technically Possible'}, {'rating': '1 - Impossible'}, {'rating': '2 - Technically Possible'}]",[],"{'mean': 3, 'variance': 1, 'std_dev': 1.0, 'median': 3}","{'mean': 1.4, 'variance': 0.3, 'std_dev': 0.5477225575051661, 'median': 1}","[{'rating': '4 - Likely'}, {'rating': '5 - Very Likely'}, {'rating': '5 - Very Likely'}, {'rating': '5 - Very Likely'}, {'rating': '5 - Very Likely'}]","{'mean': 4.8, 'variance': 0.19999999999999998, 'std_dev': 0.4472135954999579, 'median': 5}","[{'rating': '1 - Impossible'}, {'rating': '1 - Impossible'}, {'rating': '1 - Impossible'}, {'rating': '1 - Impossible'}, {'rating': '2 - Technically Possible'}]","{'mean': 1.2, 'variance': 0.2, 'std_dev': 0.4472135954999579, 'median': 1}"
Cameron wasted money on an expensive handbag.,Why did Cameron do this?,buy a status item,"The choice ""buy a status item"" is implausible because Cameron might not be concerned with status or societal perceptions, and instead simply liked the design of the handbag, rendering its status implications irrelevant to the purchase decision.","[{'rating': '2 - Technically Possible'}, {'rating': '5 - Very Likely'}, {'rating': '1 - Impossible'}, {'rating': '4 - Likely'}, {'rating': '4 - Likely'}]",[],resent her waste,"It is implausible that Cameron would waste money on an expensive handbag with the intention of resenting her waste because typically, people do not make financial decisions to purposefully feel negative emotions like resentment. Such a motive is counterproductive and irrational, as purchases are usually made for positive reasons such as necessity, desire, or status, not to induce regret.","[{'rating': '2 - Technically Possible'}, {'rating': '1 - Impossible'}, {'rating': '2 - Technically Possible'}, {'rating': '5 - Very Likely'}, {'rating': '4 - Likely'}]",[],"{'mean': 3.2, 'variance': 2.6999999999999997, 'std_dev': 1.6431676725154982, 'median': 4}","{'mean': 2.8, 'variance': 2.6999999999999997, 'std_dev': 1.6431676725154982, 'median': 2}","[{'rating': '4 - Likely'}, {'rating': '5 - Very Likely'}, {'rating': '5 - Very Likely'}, {'rating': '3 - Plausible'}, {'rating': '5 - Very Likely'}]","{'mean': 4.4, 'variance': 0.8, 'std_dev': 0.8944271909999159, 'median': 5}","[{'rating': '2 - Technically Possible'}, {'rating': '1 - Impossible'}, {'rating': '1 - Impossible'}, {'rating': '1 - Impossible'}, {'rating': '1 - Impossible'}]","{'mean': 1.2, 'variance': 0.2, 'std_dev': 0.4472135954999579, 'median': 1}"
Quinn murdered Remy's wife while Remy was away on a business trip.,How would Quinn feel afterwards?,guilty,"Guilt may not be a plausible feeling for Quinn because someone who commits murder might lack the empathy or remorse associated with guilt. Moreover, if Quinn went through with the act, it could suggest a calculative nature rather than one prone to experiencing guilt.","[{'rating': '3 - Plausible'}, {'rating': '3 - Plausible'}, {'rating': '2 - Technically Possible'}, {'rating': '5 - Very Likely'}, {'rating': '2 - Technically Possible'}]",[],like a good person,"It is implausible for Quinn to feel like a good person after committing a murder because such an act is widely considered morally reprehensible and illegal, which contradicts any notion of being a good person. Feelings of guilt, remorse, or fear of consequences would be more typical psychological reactions.","[{'rating': '2 - Technically Possible'}, {'rating': '2 - Technically Possible'}, {'rating': '2 - Technically Possible'}, {'rating': '1 - Impossible'}, {'rating': '1 - Impossible'}]",[{'feedback': 'Some people are sociopaths and/or murder because they believe that said killing is somehow justified'}],"{'mean': 3, 'variance': 1.5, 'std_dev': 1.224744871391589, 'median': 3}","{'mean': 1.6, 'variance': 0.3, 'std_dev': 0.5477225575051661, 'median': 2}","[{'rating': '5 - Very Likely'}, {'rating': '3 - Plausible'}, {'rating': '5 - Very Likely'}, {'rating': '5 - Very Likely'}, {'rating': '5 - Very Likely'}]","{'mean': 4.6, 'variance': 0.7999999999999999, 'std_dev': 0.8944271909999159, 'median': 5}","[{'rating': '2 - Technically Possible'}, {'rating': '2 - Technically Possible'}, {'rating': '3 - Plausible'}, {'rating': '2 - Technically Possible'}, {'rating': '1 - Impossible'}]","{'mean': 2, 'variance': 0.5, 'std_dev': 0.7071067811865476, 'median': 2}"
Aubrey helped Alex with a task.,What will Alex want to do next?,give Aubrey a hug,"Given the increasing awareness and emphasis on boundaries and personal space, Alex may be cautious and opt for a verbal thank you instead of a physical gesture like a hug, making this choice implausible.","[{'rating': '2 - Technically Possible'}, {'rating': '3 - Plausible'}, {'rating': '2 - Technically Possible'}, {'rating': '4 - Likely'}, {'rating': '2 - Technically Possible'}]",[],Tell her she accepts,"This choice is implausible because it suggests that Alex is responding to an offer or proposal with acceptance, which does not logically follow from the context of Aubrey helping Alex with a task. There is no indication of any offer or proposal being made to require acceptance.","[{'rating': '1 - Impossible'}, {'rating': '2 - Technically Possible'}, {'rating': '1 - Impossible'}, {'rating': '1 - Impossible'}, {'rating': '1 - Impossible'}]",[],"{'mean': 2.6, 'variance': 0.7999999999999999, 'std_dev': 0.8944271909999159, 'median': 2}","{'mean': 1.2, 'variance': 0.2, 'std_dev': 0.4472135954999579, 'median': 1}","[{'rating': '4 - Likely'}, {'rating': '3 - Plausible'}, {'rating': '3 - Plausible'}, {'rating': '2 - Technically Possible'}, {'rating': '3 - Plausible'}]","{'mean': 3, 'variance': 0.5, 'std_dev': 0.7071067811865476, 'median': 3}","[{'rating': '2 - Technically Possible'}, {'rating': '2 - Technically Possible'}, {'rating': '1 - Impossible'}, {'rating': '1 - Impossible'}, {'rating': '5 - Very Likely'}]","{'mean': 2.2, 'variance': 2.7, 'std_dev': 1.6431676725154984, 'median': 2}"
Kai was a great improvisational guitar player; Kai made it up as Kai goes along.,What will Kai want to do next?,record their improvised music,"Kai is focused on the spontaneity and freedom of improvisation, which may conflict with the structured and repetitive nature of recording music that can limit creative exploration. Recording could constrain Kai's artistic expression by imposing a fixed form on the fluid, ever-changing nature of improvisational performance.","[{'rating': '3 - Plausible'}, {'rating': '3 - Plausible'}, {'rating': '1 - Impossible'}, {'rating': '5 - Very Likely'}, {'rating': '3 - Plausible'}]",[],learn a cover song,"Kai, who excels at improvisation, thrives on creating unique and spontaneous compositions, making the structured and repetitive nature of learning a cover song unlikely to capture Kai's interest or fit their style.","[{'rating': '2 - Technically Possible'}, {'rating': '2 - Technically Possible'}, {'rating': '3 - Plausible'}, {'rating': '3 - Plausible'}, {'rating': '3 - Plausible'}]",[],"{'mean': 3, 'variance': 2, 'std_dev': 1.4142135623730951, 'median': 3}","{'mean': 2.6, 'variance': 0.3, 'std_dev': 0.5477225575051661, 'median': 3}","[{'rating': '4 - Likely'}, {'rating': '2 - Technically Possible'}, {'rating': '3 - Plausible'}, {'rating': '3 - Plausible'}, {'rating': '3 - Plausible'}]","{'mean': 3, 'variance': 0.5, 'std_dev': 0.7071067811865476, 'median': 3}","[{'rating': '3 - Plausible'}, {'rating': '3 - Plausible'}, {'rating': '2 - Technically Possible'}, {'rating': '2 - Technically Possible'}, {'rating': '4 - Likely'}]","{'mean': 2.8, 'variance': 0.7, 'std_dev': 0.8366600265340756, 'median': 3}"
Riley is trying to teach Sasha how to swim underwater.,How would you describe Riley?,helpful,"The choice of ""helpful"" is implausible because without additional context about Riley's teaching methods or their effectiveness, it's possible that Riley is not providing any useful guidance or support, making the term ""helpful"" an unjustifiable assumption. Additionally, simply attempting to teach does not inherently equate to being helpful if the instruction is ineffective or confusing.","[{'rating': '5 - Very Likely'}, {'rating': '1 - Impossible'}, {'rating': '2 - Technically Possible'}, {'rating': '4 - Likely'}, {'rating': '3 - Plausible'}]","[{'feedback': 'We have just one instance of Riley trying to teach Sasha.  It could be more that Riley likes Sasha in some way, familial, romantically, or platonically, rather than just being generally helpful.'}]",bossy,"Describing Riley as ""bossy"" is implausible because teaching someone to swim typically involves offering guidance and support, not asserting authority or control over another person. Additionally, the context doesn't indicate any domineering or controlling behavior on Riley's part.","[{'rating': '2 - Technically Possible'}, {'rating': '2 - Technically Possible'}, {'rating': '1 - Impossible'}, {'rating': '3 - Plausible'}, {'rating': '2 - Technically Possible'}]",[],"{'mean': 3, 'variance': 2.5, 'std_dev': 1.5811388300841898, 'median': 3}","{'mean': 2, 'variance': 0.5, 'std_dev': 0.7071067811865476, 'median': 2}","[{'rating': '4 - Likely'}, {'rating': '5 - Very Likely'}, {'rating': '5 - Very Likely'}, {'rating': '5 - Very Likely'}, {'rating': '5 - Very Likely'}]","{'mean': 4.8, 'variance': 0.19999999999999998, 'std_dev': 0.4472135954999579, 'median': 5}","[{'rating': '2 - Technically Possible'}, {'rating': '2 - Technically Possible'}, {'rating': '2 - Technically Possible'}, {'rating': '1 - Impossible'}, {'rating': '3 - Plausible'}]","{'mean': 2, 'variance': 0.5, 'std_dev': 0.7071067811865476, 'median': 2}"
Ash threw up their arms and just finally gave up on Sasha and her attitude.,What will happen to Sasha?,abandoned,"The choice ""abandoned"" is implausible because the context only describes Ash's frustration, but not necessarily a complete severing of ties or relationship with Sasha. Giving up on someone's attitude doesn't equate to physically or emotionally abandoning them.","[{'rating': '3 - Plausible'}, {'rating': '2 - Technically Possible'}, {'rating': '1 - Impossible'}, {'rating': '4 - Likely'}, {'rating': '3 - Plausible'}]","[{'feedback': 'the AI is, almost, just straight up, incorrect. the state of abandonment can be reasonably inferred from ""just finally"" — especially because, the person writing the sentence, also included "". . .and her attitude.""'}]",get away from Sasha,"The choice ""get away from Sasha"" is implausible because it refers to removing oneself from Sasha, not describing an outcome or consequence that Sasha specifically would face. The focus of the question is on what will happen to Sasha, not what someone else might choose to do in response to Sasha's behavior.","[{'rating': '1 - Impossible'}, {'rating': '1 - Impossible'}, {'rating': '2 - Technically Possible'}, {'rating': '1 - Impossible'}, {'rating': '2 - Technically Possible'}]",[],"{'mean': 2.6, 'variance': 1.3, 'std_dev': 1.140175425099138, 'median': 3}","{'mean': 1.4, 'variance': 0.3, 'std_dev': 0.5477225575051661, 'median': 1}","[{'rating': '4 - Likely'}, {'rating': '2 - Technically Possible'}, {'rating': '3 - Plausible'}, {'rating': '2 - Technically Possible'}, {'rating': '3 - Plausible'}]","{'mean': 2.8, 'variance': 0.7, 'std_dev': 0.8366600265340756, 'median': 3}","[{'rating': '5 - Very Likely'}, {'rating': '1 - Impossible'}, {'rating': '1 - Impossible'}, {'rating': '1 - Impossible'}, {'rating': '1 - Impossible'}]","{'mean': 1.8, 'variance': 3.2000000000000006, 'std_dev': 1.788854381999832, 'median': 1}"
Aubrey worked their best and never received a raise.,How would you describe Aubrey?,underappreciated,"The choice ""underappreciated"" implies that Aubrey's lack of a raise is due to a lack of recognition, but this could be an unfounded assumption as there could be other financial or policy constraints at play that have nothing to do with appreciation or value of Aubrey's work. Thus, without concrete details about the company's reasons, claiming underappreciation is speculative and potentially misleading.","[{'rating': '4 - Likely'}, {'rating': '2 - Technically Possible'}, {'rating': '3 - Plausible'}, {'rating': '2 - Technically Possible'}, {'rating': '4 - Likely'}]","[{'feedback': 'There could be other reasons for not receiving a raise; Aubrey could just be bad at her job, despite the work she puts into it.  I think it likely though that it is plausible, although context could dictate otherwise.'}]",Feel cheated,"The choice ""Feel cheated"" implies an emotional response rather than a direct description of a person's character or traits. The question asks for a description of Aubrey, not their feelings or reactions to a situation.","[{'rating': '3 - Plausible'}, {'rating': '3 - Plausible'}, {'rating': '2 - Technically Possible'}, {'rating': '4 - Likely'}, {'rating': '2 - Technically Possible'}]",[],"{'mean': 3, 'variance': 1, 'std_dev': 1.0, 'median': 3}","{'mean': 2.8, 'variance': 0.7, 'std_dev': 0.8366600265340756, 'median': 3}","[{'rating': '5 - Very Likely'}, {'rating': '5 - Very Likely'}, {'rating': '4 - Likely'}, {'rating': '5 - Very Likely'}, {'rating': '5 - Very Likely'}]","{'mean': 4.8, 'variance': 0.19999999999999998, 'std_dev': 0.4472135954999579, 'median': 5}","[{'rating': '4 - Likely'}, {'rating': '5 - Very Likely'}, {'rating': '5 - Very Likely'}, {'rating': '3 - Plausible'}, {'rating': '5 - Very Likely'}]","{'mean': 4.4, 'variance': 0.8, 'std_dev': 0.8944271909999159, 'median': 5}"
Riley regarded Jesse with observant eyes. He didn't trust Jesse because he's known her a long time.,What will Riley do?,Not take Jesse's word for anything,"It is implausible that Riley won't take Jesse's word for anything because having known her for a long time might mean he has a good understanding of when she is reliable and when she isn't, rather than outright distrusting everything she says. Furthermore, completely disregarding someone’s word in all circumstances would be unreasonable and impractical in any relationship, even one built on mistrust.","[{'rating': '3 - Plausible'}, {'rating': '3 - Plausible'}, {'rating': '4 - Likely'}, {'rating': '5 - Very Likely'}, {'rating': '2 - Technically Possible'}]","[{'feedback': ""It is very likely for Riley to not take Jesse's word for anything since he didn't trust her""}]",Believe what Jesse says,"Given that Riley doesn't trust Jesse due to their long history, it is implausible that he would suddenly choose to believe what she says, as trust and belief are typically built on consistent positive experiences, which seem to be lacking in this scenario.","[{'rating': '2 - Technically Possible'}, {'rating': '2 - Technically Possible'}, {'rating': '1 - Impossible'}, {'rating': '2 - Technically Possible'}, {'rating': '1 - Impossible'}]","[{'feedback': ""there could possibly by an exception. It's not black and white""}]","{'mean': 3.4, 'variance': 1.3, 'std_dev': 1.140175425099138, 'median': 3}","{'mean': 1.6, 'variance': 0.3, 'std_dev': 0.5477225575051661, 'median': 2}","[{'rating': '5 - Very Likely'}, {'rating': '5 - Very Likely'}, {'rating': '3 - Plausible'}, {'rating': '5 - Very Likely'}, {'rating': '4 - Likely'}]","{'mean': 4.4, 'variance': 0.8, 'std_dev': 0.8944271909999159, 'median': 5}","[{'rating': '1 - Impossible'}, {'rating': '2 - Technically Possible'}, {'rating': '3 - Plausible'}, {'rating': '1 - Impossible'}, {'rating': '1 - Impossible'}]","{'mean': 1.6, 'variance': 0.7999999999999999, 'std_dev': 0.8944271909999159, 'median': 1}"
Lee made copies so that everyone at the table could follow along.,What will Lee want to do next?,make sure there are enough,"The choice ""make sure there are enough"" is implausible because Lee has already made copies for everyone at the table, indicating the task of ensuring sufficient copies has been completed. Therefore, Lee would likely move on to the next step in the process rather than repeating an already finished task.","[{'rating': '3 - Plausible'}, {'rating': '5 - Very Likely'}, {'rating': '4 - Likely'}, {'rating': '4 - Likely'}, {'rating': '2 - Technically Possible'}]",[{'feedback': 'Lee might not have known the total number of people of that table as it was not mentioned so it is likely'}],keep all the copies,"Keeping all the copies is implausible because it contradicts Lee's initial action of making copies for everyone to follow along, which suggests an intention to distribute them to the others at the table.","[{'rating': '1 - Impossible'}, {'rating': '2 - Technically Possible'}, {'rating': '1 - Impossible'}, {'rating': '2 - Technically Possible'}, {'rating': '1 - Impossible'}]",[],"{'mean': 3.6, 'variance': 1.3, 'std_dev': 1.140175425099138, 'median': 4}","{'mean': 1.4, 'variance': 0.3, 'std_dev': 0.5477225575051661, 'median': 1}","[{'rating': '4 - Likely'}, {'rating': '5 - Very Likely'}, {'rating': '5 - Very Likely'}, {'rating': '5 - Very Likely'}, {'rating': '5 - Very Likely'}]","{'mean': 4.8, 'variance': 0.19999999999999998, 'std_dev': 0.4472135954999579, 'median': 5}","[{'rating': '2 - Technically Possible'}, {'rating': '2 - Technically Possible'}, {'rating': '1 - Impossible'}, {'rating': '2 - Technically Possible'}, {'rating': '1 - Impossible'}]","{'mean': 1.6, 'variance': 0.3, 'std_dev': 0.5477225575051661, 'median': 2}"
Sydney opened a savings account after learning about getting interest on their money.,What does Sydney need to do before this?,do some research,This choice is implausible because Sydney would have already done enough research to learn about interest and decided to open a savings account based on that knowledge. Doing research afterward contradicts the logical sequence of decision-making.,"[{'rating': '4 - Likely'}, {'rating': '2 - Technically Possible'}, {'rating': '1 - Impossible'}, {'rating': '4 - Likely'}, {'rating': '4 - Likely'}]","[{'feedback': 'i just can\'t agree with the AI on this one — it\'s demonstrating another instance of bad Reading Comprehension. also: i could, technically, classify sydney\'s ""learning about"" *as* constituting \'research.\''}]",do little research,"Sydney is already aware of the concept of earning interest, suggesting they have likely done prior research; thus, doing research is not something that needs to occur before they open their savings account. Additionally, the urgency implied by ""before"" suggests an immediate action required, rather than a vague task like conducting research.","[{'rating': '4 - Likely'}, {'rating': '1 - Impossible'}, {'rating': '3 - Plausible'}, {'rating': '1 - Impossible'}, {'rating': '2 - Technically Possible'}]","[{'feedback': ""Sydney might be aware of the concept of earning interest before opening a savings account but that is not all that there is to opening a savings account, she would still need guidance to understand the other things involved so a little research isn't entirely impossible.""}]","{'mean': 3, 'variance': 2, 'std_dev': 1.4142135623730951, 'median': 4}","{'mean': 2.2, 'variance': 1.7, 'std_dev': 1.3038404810405297, 'median': 2}","[{'rating': '5 - Very Likely'}, {'rating': '4 - Likely'}, {'rating': '5 - Very Likely'}, {'rating': '5 - Very Likely'}, {'rating': '4 - Likely'}]","{'mean': 4.6, 'variance': 0.3, 'std_dev': 0.5477225575051661, 'median': 5}","[{'rating': '2 - Technically Possible'}, {'rating': '4 - Likely'}, {'rating': '5 - Very Likely'}, {'rating': '2 - Technically Possible'}, {'rating': '2 - Technically Possible'}]","{'mean': 3, 'variance': 2, 'std_dev': 1.4142135623730951, 'median': 2}"
Tracy wore Sydney's jacket to school without asking for permission.,How would you describe Tracy?,rude,"Describing Tracy as ""rude"" might be implausible because Tracy might have borrowed the jacket out of necessity or urgency, intending to apologize or explain later. Without knowing Tracy's motivations or circumstances, labeling her actions as solely rude lacks contextual understanding.","[{'rating': '3 - Plausible'}, {'rating': '2 - Technically Possible'}, {'rating': '2 - Technically Possible'}, {'rating': '1 - Impossible'}, {'rating': '2 - Technically Possible'}]",[],upset that Tracy stole their jacket,"The choice is implausible because Tracy is the one who wore the jacket, so they cannot be upset at themselves for stealing it; rather, Sydney would be the one potentially upset.","[{'rating': '1 - Impossible'}, {'rating': '1 - Impossible'}, {'rating': '5 - Very Likely'}, {'rating': '4 - Likely'}, {'rating': '1 - Impossible'}]",[],"{'mean': 2, 'variance': 0.5, 'std_dev': 0.7071067811865476, 'median': 2}","{'mean': 2.4, 'variance': 3.8000000000000003, 'std_dev': 1.949358868961793, 'median': 1}","[{'rating': '5 - Very Likely'}, {'rating': '3 - Plausible'}, {'rating': '5 - Very Likely'}, {'rating': '5 - Very Likely'}, {'rating': '4 - Likely'}]","{'mean': 4.4, 'variance': 0.8, 'std_dev': 0.8944271909999159, 'median': 5}","[{'rating': '1 - Impossible'}, {'rating': '1 - Impossible'}, {'rating': '4 - Likely'}, {'rating': '1 - Impossible'}, {'rating': '5 - Very Likely'}]","{'mean': 2.4, 'variance': 3.8000000000000003, 'std_dev': 1.949358868961793, 'median': 1}"
Carson was wrongfully convicted for a crime. Taylor proved Carson's point last night and the judge agreed.,What will happen to Carson?,be released,"Though Taylor proved Carson's point, bureaucratic processes in the justice system could delay his release, making immediate release implausible. Additionally, the legal system might require further hearings or documents before officially granting Carson's freedom.","[{'rating': '2 - Technically Possible'}, {'rating': '1 - Impossible'}, {'rating': '3 - Plausible'}, {'rating': '4 - Likely'}, {'rating': '3 - Plausible'}]",[{'feedback': 'Carson would be released immediately if he has a good lawyer judging from the fact that he has been wrongfully convicted.'}],be rewarded,"Carson being wrongfully convicted and then proven right might lead to exoneration, but it is rare and implausible for wrongful convictions themselves to result in rewards as the justice system typically doesn't compensate individuals automatically simply for proving their innocence. Any compensation typically requires a separate legal process or civil suit, rather than an immediate reward from the court ruling.","[{'rating': '2 - Technically Possible'}, {'rating': '1 - Impossible'}, {'rating': '3 - Plausible'}, {'rating': '3 - Plausible'}, {'rating': '2 - Technically Possible'}]",[],"{'mean': 2.6, 'variance': 1.3, 'std_dev': 1.140175425099138, 'median': 3}","{'mean': 2.2, 'variance': 0.7, 'std_dev': 0.8366600265340756, 'median': 2}","[{'rating': '5 - Very Likely'}, {'rating': '5 - Very Likely'}, {'rating': '5 - Very Likely'}, {'rating': '5 - Very Likely'}, {'rating': '5 - Very Likely'}]","{'mean': 5, 'variance': 0, 'std_dev': 0.0, 'median': 5}","[{'rating': '2 - Technically Possible'}, {'rating': '3 - Plausible'}, {'rating': '2 - Technically Possible'}, {'rating': '2 - Technically Possible'}, {'rating': '4 - Likely'}]","{'mean': 2.6, 'variance': 0.7999999999999999, 'std_dev': 0.8944271909999159, 'median': 2}"
Addison regarded every comment very seriously and listened to all the instructions.,How would you describe Addison?,serious,"Given that Addison listens to all instructions implies being attentive, but it doesn't necessarily equate to being serious, which usually relates to a lack of playfulness or humor. Thus, the description of ""serious"" is implausible without specific context indicating Addison lacks levity.","[{'rating': '4 - Likely'}, {'rating': '1 - Impossible'}, {'rating': '2 - Technically Possible'}, {'rating': '3 - Plausible'}, {'rating': '4 - Likely'}]","[{'feedback': ""I would say it is possible it is serious.  Like the explanation says, Addison listened seriously, but it's quite the extrapolation to say she is a serious person.""}]",addison was law biding,"The context mentions Addison listening to comments and instructions, which reflects attentiveness rather than adherence to laws or regulations. Therefore, describing Addison as ""law abiding"" is implausible, as there is no mention of legal compliance in the provided context.","[{'rating': '3 - Plausible'}, {'rating': '5 - Very Likely'}, {'rating': '2 - Technically Possible'}, {'rating': '3 - Plausible'}, {'rating': '2 - Technically Possible'}]",[],"{'mean': 2.8, 'variance': 1.7, 'std_dev': 1.3038404810405297, 'median': 3}","{'mean': 3, 'variance': 1.5, 'std_dev': 1.224744871391589, 'median': 3}","[{'rating': '5 - Very Likely'}, {'rating': '5 - Very Likely'}, {'rating': '5 - Very Likely'}, {'rating': '5 - Very Likely'}, {'rating': '3 - Plausible'}]","{'mean': 4.6, 'variance': 0.7999999999999999, 'std_dev': 0.8944271909999159, 'median': 5}","[{'rating': '3 - Plausible'}, {'rating': '5 - Very Likely'}, {'rating': '4 - Likely'}, {'rating': '3 - Plausible'}, {'rating': '2 - Technically Possible'}]","{'mean': 3.4, 'variance': 1.3, 'std_dev': 1.140175425099138, 'median': 3}"
Riley cried after Jesse said something.,What did Jesse say?,Insults about Riley,"While insults could easily lead to crying, the implausibility lies in the assumption that Jesse may not have said anything intentionally hurtful, and Riley's tears could have been triggered by an unrelated or more complex emotional situation.","[{'rating': '1 - Impossible'}, {'rating': '3 - Plausible'}, {'rating': '3 - Plausible'}, {'rating': '2 - Technically Possible'}, {'rating': '1 - Impossible'}]","[{'feedback': 'It is certainly possible, but there could be other possibilities'}]",nice,"The word ""nice"" is generally a positive comment and unlikely to evoke a negative emotional response like crying, making it implausible that Jesse's statement of ""nice"" caused Riley to cry.","[{'rating': '2 - Technically Possible'}, {'rating': '2 - Technically Possible'}, {'rating': '1 - Impossible'}, {'rating': '3 - Plausible'}, {'rating': '1 - Impossible'}]",[{'feedback': 'It could have been something really sweet that produced tears of happiness or joy.'}],"{'mean': 2, 'variance': 1, 'std_dev': 1.0, 'median': 2}","{'mean': 1.8, 'variance': 0.7000000000000001, 'std_dev': 0.8366600265340756, 'median': 2}","[{'rating': '5 - Very Likely'}, {'rating': '3 - Plausible'}, {'rating': '3 - Plausible'}, {'rating': '4 - Likely'}, {'rating': '5 - Very Likely'}]","{'mean': 4, 'variance': 1, 'std_dev': 1.0, 'median': 4}","[{'rating': '1 - Impossible'}, {'rating': '2 - Technically Possible'}, {'rating': '2 - Technically Possible'}, {'rating': '1 - Impossible'}, {'rating': '2 - Technically Possible'}]","{'mean': 1.6, 'variance': 0.3, 'std_dev': 0.5477225575051661, 'median': 2}"
Kai handed back the mail after they looked at it.,How would you describe Kai?,As someone who knows what's in the mail,Kai simply handed back the mail after looking at it and taking a glance at the mail doesn't necessarily mean they know the contents or details within. It is implausible to assume Kai has any in-depth knowledge of the mail just from a brief encounter.,"[{'rating': '3 - Plausible'}, {'rating': '1 - Impossible'}, {'rating': '4 - Likely'}, {'rating': '4 - Likely'}, {'rating': '2 - Technically Possible'}]",[{'feedback': 'It is likely that he knows what is in the mail because taking a glance at it could mean that he took note of the key points in the mail at a glance'}],respected as a result,"The act of merely handing back mail after looking at it is mundane and does not inherently confer respect upon Kai. Respect typically stems from more significant actions or qualities, making this description implausible in this context.","[{'rating': '1 - Impossible'}, {'rating': '2 - Technically Possible'}, {'rating': '3 - Plausible'}, {'rating': '1 - Impossible'}, {'rating': '1 - Impossible'}]",[],"{'mean': 2.8, 'variance': 1.7, 'std_dev': 1.3038404810405297, 'median': 3}","{'mean': 1.6, 'variance': 0.7999999999999999, 'std_dev': 0.8944271909999159, 'median': 1}","[{'rating': '5 - Very Likely'}, {'rating': '4 - Likely'}, {'rating': '5 - Very Likely'}, {'rating': '5 - Very Likely'}, {'rating': '4 - Likely'}]","{'mean': 4.6, 'variance': 0.3, 'std_dev': 0.5477225575051661, 'median': 5}","[{'rating': '2 - Technically Possible'}, {'rating': '4 - Likely'}, {'rating': '3 - Plausible'}, {'rating': '2 - Technically Possible'}, {'rating': '2 - Technically Possible'}]","{'mean': 2.6, 'variance': 0.7999999999999999, 'std_dev': 0.8944271909999159, 'median': 2}"
Kai was finally on vacation and went to the beach. Kai felt relaxed laying in the sun.,What does Kai need to do before this?,take off work,"The choice ""take off work"" is implausible because Kai is already on vacation at the beach and feeling relaxed, indicating any necessary work arrangements were made prior to this moment. Therefore, taking off work is a step that has already occurred, not one that Kai needs to do before enjoying the beach.","[{'rating': '1 - Impossible'}, {'rating': '3 - Plausible'}, {'rating': '3 - Plausible'}, {'rating': '1 - Impossible'}, {'rating': '4 - Likely'}]",[],get something to eat,"Eating is not a prerequisite activity for going to the beach or laying in the sun, as one can engage in relaxation without first consuming food. Additionally, the context does not indicate any hunger or necessity for food prior to enjoying the vacation.","[{'rating': '2 - Technically Possible'}, {'rating': '2 - Technically Possible'}, {'rating': '1 - Impossible'}, {'rating': '2 - Technically Possible'}, {'rating': '2 - Technically Possible'}]","[{'feedback': ""It's possible, Kai could get food before going to the beach. ""}]","{'mean': 2.4, 'variance': 1.8, 'std_dev': 1.3416407864998738, 'median': 3}","{'mean': 1.8, 'variance': 0.2, 'std_dev': 0.4472135954999579, 'median': 2}","[{'rating': '5 - Very Likely'}, {'rating': '5 - Very Likely'}, {'rating': '5 - Very Likely'}, {'rating': '5 - Very Likely'}, {'rating': '5 - Very Likely'}]","{'mean': 5, 'variance': 0, 'std_dev': 0.0, 'median': 5}","[{'rating': '4 - Likely'}, {'rating': '4 - Likely'}, {'rating': '2 - Technically Possible'}, {'rating': '3 - Plausible'}, {'rating': '2 - Technically Possible'}]","{'mean': 3, 'variance': 1, 'std_dev': 1.0, 'median': 3}"
Sasha worked as a nurse and often stepped in and protected patients rights.,What will happen to the patients?,show Sasha their appreciation with cards,"This choice is implausible because while patients may appreciate Sasha's advocacy verbally or emotionally, the act of giving cards is an unlikely form of response due to the constraints and priorities typical within a healthcare environment. Patients often face more immediate health concerns and might not be in a position to organize or create cards.","[{'rating': '2 - Technically Possible'}, {'rating': '2 - Technically Possible'}, {'rating': '3 - Plausible'}, {'rating': '2 - Technically Possible'}, {'rating': '2 - Technically Possible'}]","[{'feedback': 'implausible is not impossible. whoever is above me, writing these explanations, is a bit of a Donny Downer, eh? plus, self-contradictory: ""might not be"" does not fit with ""implausible,"" for sure'}]",get sicker due to poor conditions,"Given that Sasha actively works to protect patient rights, it is implausible that the patients would get sicker due to poor conditions, as her interventions would aim to improve or maintain the quality of care and conditions for the patients.","[{'rating': '3 - Plausible'}, {'rating': '1 - Impossible'}, {'rating': '1 - Impossible'}, {'rating': '1 - Impossible'}, {'rating': '1 - Impossible'}]","[{'feedback': 'Highly impossible given the work Sasha has been doing'}, {'feedback': 'It is impossible for patients to get sicker due to poor conditions when all Sasha has done is to protect patient rights.'}]","{'mean': 2.2, 'variance': 0.19999999999999998, 'std_dev': 0.4472135954999579, 'median': 2}","{'mean': 1.4, 'variance': 0.8, 'std_dev': 0.8944271909999159, 'median': 1}","[{'rating': '5 - Very Likely'}, {'rating': '4 - Likely'}, {'rating': '3 - Plausible'}, {'rating': '4 - Likely'}, {'rating': '3 - Plausible'}]","{'mean': 3.8, 'variance': 0.7, 'std_dev': 0.8366600265340756, 'median': 4}","[{'rating': '2 - Technically Possible'}, {'rating': '2 - Technically Possible'}, {'rating': '1 - Impossible'}, {'rating': '1 - Impossible'}, {'rating': '1 - Impossible'}]","{'mean': 1.4, 'variance': 0.3, 'std_dev': 0.5477225575051661, 'median': 1}"
riley was a distrustful person so he regarded jesse with suspicious eyes.,What will happen to Jesse?,he will question riley,"It is implausible that Jesse will question Riley because if Jesse is under suspicion, he might avoid questioning Riley to prevent increasing Riley's distrust or drawing more attention to himself. Instead, Jesse would likely try to appear non-threatening and compliant to ease Riley's suspicion.","[{'rating': '2 - Technically Possible'}, {'rating': '2 - Technically Possible'}, {'rating': '4 - Likely'}, {'rating': '2 - Technically Possible'}, {'rating': '3 - Plausible'}]","[{'feedback': ""i'm supposed to be taking into consideration, the underlined explanation above me.. ..but, i'm not sure how i'm supposed to do that? also, i kinda specifically *disagree* with the AI's rationale — i believe undertaking this course of action would only lead to riley's not [bumping with] jesse even further!""}]",he will ignore riley,"The choice is implausible because if Jesse is aware of Riley's suspicion, he is unlikely to simply ignore him; instead, he might try to address the distrust or clarify any misunderstandings to ease the tension between them. Ignoring Riley's suspicion could further exacerbate the situation, making it less likely that Jesse would choose this course of action.","[{'rating': '3 - Plausible'}, {'rating': '1 - Impossible'}, {'rating': '2 - Technically Possible'}, {'rating': '1 - Impossible'}, {'rating': '2 - Technically Possible'}]",[],"{'mean': 2.6, 'variance': 0.7999999999999999, 'std_dev': 0.8944271909999159, 'median': 2}","{'mean': 1.8, 'variance': 0.7000000000000001, 'std_dev': 0.8366600265340756, 'median': 2}","[{'rating': '4 - Likely'}, {'rating': '4 - Likely'}, {'rating': '3 - Plausible'}, {'rating': '3 - Plausible'}, {'rating': '5 - Very Likely'}]","{'mean': 3.8, 'variance': 0.7, 'std_dev': 0.8366600265340756, 'median': 4}","[{'rating': '3 - Plausible'}, {'rating': '3 - Plausible'}, {'rating': '3 - Plausible'}, {'rating': '4 - Likely'}, {'rating': '3 - Plausible'}]","{'mean': 3.2, 'variance': 0.19999999999999998, 'std_dev': 0.4472135954999579, 'median': 3}"
Quinn colored her hair a light ghosted grey color.,How would Quinn feel afterwards?,artistic,"The choice ""artistic"" is implausible because hair color change typically affects one's personal appearance rather than artistic expression, and Quinn colored her hair grey, which is not inherently expressive of artistic sentiment. Her color choice is more likely linked to fashion trends than a statement of artistry.","[{'rating': '1 - Impossible'}, {'rating': '3 - Plausible'}, {'rating': '4 - Likely'}, {'rating': '2 - Technically Possible'}, {'rating': '2 - Technically Possible'}]","[{'feedback': ""This is a narrow explanation.  It's like saying that your car doesn't run better when it is clean, which everyone knows is true.""}]",unwanted,"Feeling ""unwanted"" is implausible because changing one's hair color is typically a personal choice meant for self-expression and experimentation rather than an action that directly affects one's sense of social acceptance or rejection. Quinn's hair color decision is more likely to impact her personal satisfaction or confidence than her feeling of being ""unwanted.""","[{'rating': '2 - Technically Possible'}, {'rating': '3 - Plausible'}, {'rating': '1 - Impossible'}, {'rating': '2 - Technically Possible'}, {'rating': '2 - Technically Possible'}]","[{'feedback': ""She could feel that way, but I don't think it's likely she would.""}]","{'mean': 2.4, 'variance': 1.3, 'std_dev': 1.140175425099138, 'median': 2}","{'mean': 2, 'variance': 0.5, 'std_dev': 0.7071067811865476, 'median': 2}","[{'rating': '4 - Likely'}, {'rating': '3 - Plausible'}, {'rating': '4 - Likely'}, {'rating': '4 - Likely'}, {'rating': '2 - Technically Possible'}]","{'mean': 3.4, 'variance': 0.7999999999999999, 'std_dev': 0.8944271909999159, 'median': 4}","[{'rating': '1 - Impossible'}, {'rating': '1 - Impossible'}, {'rating': '2 - Technically Possible'}, {'rating': '2 - Technically Possible'}, {'rating': '2 - Technically Possible'}]","{'mean': 1.6, 'variance': 0.3, 'std_dev': 0.5477225575051661, 'median': 2}"
Jordan was going for a walk and brought the kids.,What does Jordan need to do before this?,get the kids ready,"The choice ""get the kids ready"" is implausible because Jordan might prefer spontaneity and could decide to bring the kids at the last minute without any preparation, embracing whatever state the kids are currently in for a more adventurous and unpredictable outing.","[{'rating': '4 - Likely'}, {'rating': '2 - Technically Possible'}, {'rating': '3 - Plausible'}, {'rating': '4 - Likely'}, {'rating': '5 - Very Likely'}]","[{'feedback': 'this depends on the type of person Jordan is, but anyone wouldnt want to bring kids along if they arent ready '}, {'feedback': 'once again: AI is almost dead wrong. almost. by most metrics, people can\'t *just* drop what they\'re doing, and go do something else. especially with ""kids,"" plural? yeah. some coördination (and consideration) is required!'}]",wanted to get some fresh air,"The choice ""wanted to get some fresh air"" describes a motive rather than an action Jordan needs to do before going for a walk. ""Wanting"" is a mental state and does not involve any preparatory steps required before taking the kids for a walk.","[{'rating': '3 - Plausible'}, {'rating': '1 - Impossible'}, {'rating': '3 - Plausible'}, {'rating': '1 - Impossible'}, {'rating': '2 - Technically Possible'}]",[],"{'mean': 3.6, 'variance': 1.3, 'std_dev': 1.140175425099138, 'median': 4}","{'mean': 2, 'variance': 1, 'std_dev': 1.0, 'median': 2}","[{'rating': '5 - Very Likely'}, {'rating': '4 - Likely'}, {'rating': '5 - Very Likely'}, {'rating': '5 - Very Likely'}, {'rating': '5 - Very Likely'}]","{'mean': 4.8, 'variance': 0.19999999999999998, 'std_dev': 0.4472135954999579, 'median': 5}","[{'rating': '4 - Likely'}, {'rating': '3 - Plausible'}, {'rating': '3 - Plausible'}, {'rating': '4 - Likely'}, {'rating': '1 - Impossible'}]","{'mean': 3, 'variance': 1.5, 'std_dev': 1.224744871391589, 'median': 3}"
Kendall took Skylar into acount when making plans for the day.,How would Skylar feel as a result?,Glad they were thought about,"The choice is implausible because Skylar might have preferred to be surprised rather than having their preferences considered, as they enjoy spontaneity and unpredictability. Additionally, Skylar may have wanted a day without any plans, making the consideration unnecessary and possibly unwanted.","[{'rating': '3 - Plausible'}, {'rating': '3 - Plausible'}, {'rating': '5 - Very Likely'}, {'rating': '5 - Very Likely'}, {'rating': '2 - Technically Possible'}]",[{'feedback': 'Irrelevant answer'}],as generous,"The feeling of generosity typically arises from the act of giving or sharing, not from being considered in someone's plans. Skylar would more likely feel included or valued, rather than generous, in this situation.","[{'rating': '1 - Impossible'}, {'rating': '1 - Impossible'}, {'rating': '4 - Likely'}, {'rating': '2 - Technically Possible'}, {'rating': '1 - Impossible'}]",[{'feedback': 'The definition of generous does not meet the original answer high lighted'}],"{'mean': 3.6, 'variance': 1.8, 'std_dev': 1.3416407864998738, 'median': 3}","{'mean': 1.8, 'variance': 1.7000000000000002, 'std_dev': 1.3038404810405297, 'median': 1}","[{'rating': '5 - Very Likely'}, {'rating': '5 - Very Likely'}, {'rating': '5 - Very Likely'}, {'rating': '5 - Very Likely'}, {'rating': '4 - Likely'}]","{'mean': 4.8, 'variance': 0.19999999999999998, 'std_dev': 0.4472135954999579, 'median': 5}","[{'rating': '4 - Likely'}, {'rating': '4 - Likely'}, {'rating': '3 - Plausible'}, {'rating': '4 - Likely'}, {'rating': '4 - Likely'}]","{'mean': 3.8, 'variance': 0.19999999999999998, 'std_dev': 0.4472135954999579, 'median': 4}"
Taylor helped Ash move in to their new house.,What does Taylor need to do before this?,be able to help,"The choice ""be able to help"" is implausible because it assumes Taylor was not already capable or willing to assist, despite the context suggesting that Taylor successfully helped Ash move in, indicating they were already prepared and able to help beforehand.","[{'rating': '1 - Impossible'}, {'rating': '5 - Very Likely'}, {'rating': '3 - Plausible'}, {'rating': '1 - Impossible'}, {'rating': '2 - Technically Possible'}]",[{'feedback': 'Time travel is hard.  '}],go get food,"""Go get food"" is implausible because it is not directly related to the process of helping someone move, which typically involves packing, transporting and unpacking items, rather than preparing or obtaining meals. Additionally, acquiring food could be done at any time, including after the move, and is not a prerequisite to moving activities.","[{'rating': '2 - Technically Possible'}, {'rating': '3 - Plausible'}, {'rating': '1 - Impossible'}, {'rating': '2 - Technically Possible'}, {'rating': '2 - Technically Possible'}]","[{'feedback': 'It is possible, perhaps Taylor wanted to get an early house warming gift that consisted of food. '}]","{'mean': 2.4, 'variance': 2.8, 'std_dev': 1.6733200530681511, 'median': 2}","{'mean': 2, 'variance': 0.5, 'std_dev': 0.7071067811865476, 'median': 2}","[{'rating': '2 - Technically Possible'}, {'rating': '5 - Very Likely'}, {'rating': '5 - Very Likely'}, {'rating': '4 - Likely'}, {'rating': '3 - Plausible'}]","{'mean': 3.8, 'variance': 1.7, 'std_dev': 1.3038404810405297, 'median': 4}","[{'rating': '3 - Plausible'}, {'rating': '3 - Plausible'}, {'rating': '4 - Likely'}, {'rating': '2 - Technically Possible'}, {'rating': '3 - Plausible'}]","{'mean': 3, 'variance': 0.5, 'std_dev': 0.7071067811865476, 'median': 3}"
Cameron stopped the fight before people got hurt.,What will Cameron want to do next?,send people home,"Sending people home may not be Cameron's priority immediately after stopping a fight because his main concern would likely be ensuring everyone is calm and de-escalated before considering dispersal. Additionally, sending people home abruptly might neglect any necessary conflict resolution or discussion that could prevent future altercations.","[{'rating': '4 - Likely'}, {'rating': '3 - Plausible'}, {'rating': '3 - Plausible'}, {'rating': '1 - Impossible'}, {'rating': '3 - Plausible'}]",[],The others will cheer Cameron,"The choice is implausible because Cameron stopping the fight doesn't necessarily guarantee that others will cheer for him, as their reactions could range from disappointment if they supported the fight to anger or hostility if they were emotionally invested in it. Furthermore, the focus of the question is on Cameron's desires, not on the reactions of others.","[{'rating': '2 - Technically Possible'}, {'rating': '2 - Technically Possible'}, {'rating': '2 - Technically Possible'}, {'rating': '3 - Plausible'}, {'rating': '1 - Impossible'}]",[],"{'mean': 2.8, 'variance': 1.2, 'std_dev': 1.0954451150103321, 'median': 3}","{'mean': 2, 'variance': 0.5, 'std_dev': 0.7071067811865476, 'median': 2}","[{'rating': '3 - Plausible'}, {'rating': '4 - Likely'}, {'rating': '4 - Likely'}, {'rating': '3 - Plausible'}, {'rating': '3 - Plausible'}]","{'mean': 3.4, 'variance': 0.3, 'std_dev': 0.5477225575051661, 'median': 3}","[{'rating': '1 - Impossible'}, {'rating': '3 - Plausible'}, {'rating': '2 - Technically Possible'}, {'rating': '3 - Plausible'}, {'rating': '4 - Likely'}]","{'mean': 2.6, 'variance': 1.3, 'std_dev': 1.140175425099138, 'median': 3}"
Carson was at a friend's house playing video games to get away from his arguing parents.,What does Carson need to do before this?,run over to his friends house,"Running over to his friend's house would be impractical and potentially unsafe, as it implies he would need to rush immediately without considering his personal safety or properly communicating with his friend. Additionally, arriving suddenly and breathless might not set the right tone for a relaxed gaming session intended to escape stress.","[{'rating': '4 - Likely'}, {'rating': '3 - Plausible'}, {'rating': '3 - Plausible'}, {'rating': '4 - Likely'}, {'rating': '3 - Plausible'}]","[{'feedback': ""It is possible for Carson to rush to his friend's house as the only thing he would think of that moment is to escape it.""}]",try a different game,"Trying a different game is an implausible answer because it does not directly address the issue of escaping the tension from his arguing parents, nor is it a necessary step before going to his friend's house. Changing games doesn't contribute to his goal of finding a peaceful environment away from home.","[{'rating': '2 - Technically Possible'}, {'rating': '2 - Technically Possible'}, {'rating': '4 - Likely'}, {'rating': '1 - Impossible'}, {'rating': '1 - Impossible'}]",[],"{'mean': 3.4, 'variance': 0.3, 'std_dev': 0.5477225575051661, 'median': 3}","{'mean': 2, 'variance': 1.5, 'std_dev': 1.224744871391589, 'median': 2}","[{'rating': '5 - Very Likely'}, {'rating': '5 - Very Likely'}, {'rating': '4 - Likely'}, {'rating': '5 - Very Likely'}, {'rating': '1 - Impossible'}]","{'mean': 4, 'variance': 3, 'std_dev': 1.7320508075688772, 'median': 5}","[{'rating': '1 - Impossible'}, {'rating': '2 - Technically Possible'}, {'rating': '2 - Technically Possible'}, {'rating': '1 - Impossible'}, {'rating': '4 - Likely'}]","{'mean': 2, 'variance': 1.5, 'std_dev': 1.224744871391589, 'median': 2}"
"Carson turned the music up. His friend asked him to turn it down and Carson asked ""turn down for what?"" and turned it up louder.",What did Carson do?,listened to very loud music,"The choice ""listened to very loud music"" is implausible because Carson's act of turning the music up further suggests he was focused on increasing the volume to potentially annoy or challenge his friend, rather than just quietly listening to it.","[{'rating': '2 - Technically Possible'}, {'rating': '2 - Technically Possible'}, {'rating': '3 - Plausible'}, {'rating': '1 - Impossible'}, {'rating': '2 - Technically Possible'}]",[],plug in his phone,"Plugging in his phone is implausible as an answer because the context focuses on the volume of the music being adjusted, and connecting a phone does not inherently impact volume levels. Carson's behavior was about defying his friend's request by increasing the music's volume, not merely plugging in a device.","[{'rating': '1 - Impossible'}, {'rating': '2 - Technically Possible'}, {'rating': '3 - Plausible'}, {'rating': '2 - Technically Possible'}, {'rating': '1 - Impossible'}]",[],"{'mean': 2, 'variance': 0.5, 'std_dev': 0.7071067811865476, 'median': 2}","{'mean': 1.8, 'variance': 0.7000000000000001, 'std_dev': 0.8366600265340756, 'median': 2}","[{'rating': '5 - Very Likely'}, {'rating': '4 - Likely'}, {'rating': '5 - Very Likely'}, {'rating': '2 - Technically Possible'}, {'rating': '5 - Very Likely'}]","{'mean': 4.2, 'variance': 1.7, 'std_dev': 1.3038404810405297, 'median': 5}","[{'rating': '3 - Plausible'}, {'rating': '2 - Technically Possible'}, {'rating': '1 - Impossible'}, {'rating': '1 - Impossible'}, {'rating': '2 - Technically Possible'}]","{'mean': 1.8, 'variance': 0.7000000000000001, 'std_dev': 0.8366600265340756, 'median': 2}"
Remy challenged them to a game of racquetball at the local YMCA gym.,Why did Remy do this?,was bored and decided to gather some people for a good game of racquetball,"The choice ""was bored and decided to gather some people for a good game of racquetball"" is implausible because organized sports like racquetball typically require scheduling and booking court time in advance, and it's unlikely Remy could spontaneously gather players and secure a location like the YMCA without prior planning.","[{'rating': '3 - Plausible'}, {'rating': '1 - Impossible'}, {'rating': '3 - Plausible'}, {'rating': '2 - Technically Possible'}, {'rating': '2 - Technically Possible'}]","[{'feedback': ""Why would someone want to play Racquetball?  I think being bored is one answer.  It could be Remy is competitive, and that 'them' was a good choice of opponent.""}]",win the game,"The choice ""win the game"" is implausible because challenging someone to a game does not inherently guarantee victory; Remy could have alternative motives such as practicing skills, enjoying physical activity, or simply socializing with others. Moreover, assuming the sole reason is to win neglects any consideration of Remy's actual abilities or the potential for equally skilled opponents.","[{'rating': '2 - Technically Possible'}, {'rating': '3 - Plausible'}, {'rating': '1 - Impossible'}, {'rating': '4 - Likely'}, {'rating': '2 - Technically Possible'}]",[],"{'mean': 2.2, 'variance': 0.7, 'std_dev': 0.8366600265340756, 'median': 2}","{'mean': 2.4, 'variance': 1.3, 'std_dev': 1.140175425099138, 'median': 2}","[{'rating': '4 - Likely'}, {'rating': '4 - Likely'}, {'rating': '5 - Very Likely'}, {'rating': '1 - Impossible'}, {'rating': '4 - Likely'}]","{'mean': 3.6, 'variance': 2.3, 'std_dev': 1.51657508881031, 'median': 4}","[{'rating': '2 - Technically Possible'}, {'rating': '3 - Plausible'}, {'rating': '5 - Very Likely'}, {'rating': '3 - Plausible'}, {'rating': '4 - Likely'}]","{'mean': 3.4, 'variance': 1.3, 'std_dev': 1.140175425099138, 'median': 3}"
Riley layered down their arms with a blanket to keep warm.,What does Riley need to do before this?,get a blanket from the closet,"It is implausible that Riley needs to get a blanket from the closet because the sentence implies that the blanket is already in their possession, suggesting that any necessary retrieval must have already occurred. Additionally, there is no indication that Riley is not near a blanket or lacks access to one already placed conveniently nearby.","[{'rating': '2 - Technically Possible'}, {'rating': '2 - Technically Possible'}, {'rating': '1 - Impossible'}, {'rating': '2 - Technically Possible'}, {'rating': '1 - Impossible'}]","[{'feedback': 'i fully agree with this one.'}, {'feedback': 'ah. this must be AI. this must be AI, because a (normal) human —especially, one who would be recruited for a University-level Project— would have noted, the follow•up query query clearly says, ""before."" now, whether riley had obtained this blanket from the closet, or from off the bed, or from somewhere in the living room, isn\'t necessarily ""material."" the only reason i\'m rating this ""2"" is, we can\'t know where riley got their blanket from.'}]",turn on the air conditioner,"Turning on the air conditioner would not be a logical action before layering down with a blanket to keep warm, as an air conditioner typically cools rather than warms, making the need for a blanket redundant. Riley is more likely to be in a situation requiring warmth, which contradicts the function of an air conditioner.","[{'rating': '1 - Impossible'}, {'rating': '1 - Impossible'}, {'rating': '1 - Impossible'}, {'rating': '1 - Impossible'}, {'rating': '1 - Impossible'}]","[{'feedback': 'because the air conditioner is not needed in this instance'}, {'feedback': 'All what Riley needs is to keep warm and an Air Conditioner only cools which is contradictory and not plausible.'}]","{'mean': 1.6, 'variance': 0.3, 'std_dev': 0.5477225575051661, 'median': 2}","{'mean': 1, 'variance': 0, 'std_dev': 0.0, 'median': 1}","[{'rating': '5 - Very Likely'}, {'rating': '5 - Very Likely'}, {'rating': '5 - Very Likely'}, {'rating': '4 - Likely'}, {'rating': '5 - Very Likely'}]","{'mean': 4.8, 'variance': 0.19999999999999998, 'std_dev': 0.4472135954999579, 'median': 5}","[{'rating': '1 - Impossible'}, {'rating': '2 - Technically Possible'}, {'rating': '2 - Technically Possible'}, {'rating': '4 - Likely'}, {'rating': '2 - Technically Possible'}]","{'mean': 2.2, 'variance': 1.2, 'std_dev': 1.0954451150103321, 'median': 2}"
Quinn showed it off to Casey's friends in the birthday party.,What will happen to Casey?,be called a show off at the birthday party,"This choice is implausible because it was Quinn, not Casey, who showed something off at the birthday party, making it unlikely for Casey to be labeled a show-off for another person's actions. Casey didn't take any action that would warrant such a label.","[{'rating': '3 - Plausible'}, {'rating': '1 - Impossible'}, {'rating': '1 - Impossible'}, {'rating': '1 - Impossible'}, {'rating': '1 - Impossible'}]",[{'feedback': 'we agree!'}],like a bragger at the party,"The choice ""like a bragger at the party"" is implausible because Casey's friends were likely impressed by Quinn's actions, so they might view Quinn as the bragger instead, leaving Casey free from that perception. Casey merely being the host does not imply that they will be seen as bragging due to someone else's actions.","[{'rating': '2 - Technically Possible'}, {'rating': '2 - Technically Possible'}, {'rating': '1 - Impossible'}, {'rating': '1 - Impossible'}, {'rating': '2 - Technically Possible'}]","[{'feedback': ""It is technically possible since Casey's friends saw Quinn at Casey's party""}]","{'mean': 1.4, 'variance': 0.8, 'std_dev': 0.8944271909999159, 'median': 1}","{'mean': 1.6, 'variance': 0.3, 'std_dev': 0.5477225575051661, 'median': 2}","[{'rating': '4 - Likely'}, {'rating': '2 - Technically Possible'}, {'rating': '3 - Plausible'}, {'rating': '3 - Plausible'}, {'rating': '1 - Impossible'}]","{'mean': 2.6, 'variance': 1.3, 'std_dev': 1.140175425099138, 'median': 3}","[{'rating': '1 - Impossible'}, {'rating': '1 - Impossible'}, {'rating': '3 - Plausible'}, {'rating': '2 - Technically Possible'}, {'rating': '3 - Plausible'}]","{'mean': 2, 'variance': 1, 'std_dev': 1.0, 'median': 2}"
Kai went to the movies and saw the new Lee movie.,What will happen to Kai?,enjoy the movie she went to see,"This choice is implausible because there is no information provided about Kai's preferences or past experiences with Lee movies, so assuming she will enjoy it has no basis. Moreover, the movie could have been poorly reviewed or not aligned with her taste, leading to a different experience.","[{'rating': '1 - Impossible'}, {'rating': '3 - Plausible'}, {'rating': '3 - Plausible'}, {'rating': '3 - Plausible'}, {'rating': '5 - Very Likely'}]","[{'feedback': ""she wouldn't have gone to see the movie if she was unlikely to like it""}]",win an Oscar,"It is implausible for Kai to win an Oscar simply by watching a movie, as Oscars are awarded to individuals directly involved in the production, acting, or technical aspects of films, not to audience members.","[{'rating': '1 - Impossible'}, {'rating': '1 - Impossible'}, {'rating': '1 - Impossible'}, {'rating': '2 - Technically Possible'}, {'rating': '1 - Impossible'}]",[{'feedback': 'Kai could be a well-regarded actor.'}],"{'mean': 3, 'variance': 2, 'std_dev': 1.4142135623730951, 'median': 3}","{'mean': 1.2, 'variance': 0.2, 'std_dev': 0.4472135954999579, 'median': 1}","[{'rating': '4 - Likely'}, {'rating': '4 - Likely'}, {'rating': '2 - Technically Possible'}, {'rating': '4 - Likely'}, {'rating': '4 - Likely'}]","{'mean': 3.6, 'variance': 0.8, 'std_dev': 0.8944271909999159, 'median': 4}","[{'rating': '2 - Technically Possible'}, {'rating': '2 - Technically Possible'}, {'rating': '3 - Plausible'}, {'rating': '1 - Impossible'}, {'rating': '1 - Impossible'}]","{'mean': 1.8, 'variance': 0.7000000000000001, 'std_dev': 0.8366600265340756, 'median': 2}"
Jesse showed Sydney's friends how to bake a cake but it was left in the oven too long and burned.,What will Jesse want to do next?,Bake a new cake,"While baking a new cake seems like a logical solution to remedy the situation, it is implausible because Jesse might not have enough ingredients left to make another cake immediately. Additionally, after the disappointment and time loss from the first attempt, Jesse might prefer to take a break rather than start over right away.","[{'rating': '1 - Impossible'}, {'rating': '4 - Likely'}, {'rating': '4 - Likely'}, {'rating': '2 - Technically Possible'}, {'rating': '4 - Likely'}]",[{'feedback': 'Jesse is a baller and will dive right back in.'}],Give the cake to friends,"It is implausible that Jesse would want to give the burned cake to friends, as it is typically undesirable and unappetizing, and may reflect poorly on Jesse's baking skills. Offering a burned cake could potentially offend or upset the friends rather than be seen as a generous gesture.","[{'rating': '2 - Technically Possible'}, {'rating': '2 - Technically Possible'}, {'rating': '1 - Impossible'}, {'rating': '3 - Plausible'}, {'rating': '2 - Technically Possible'}]","[{'feedback': ""Perhaps it was Jesse's first time baking a cake and wanted to show something for their effort.""}]","{'mean': 3, 'variance': 2, 'std_dev': 1.4142135623730951, 'median': 4}","{'mean': 2, 'variance': 0.5, 'std_dev': 0.7071067811865476, 'median': 2}","[{'rating': '5 - Very Likely'}, {'rating': '5 - Very Likely'}, {'rating': '4 - Likely'}, {'rating': '5 - Very Likely'}, {'rating': '5 - Very Likely'}]","{'mean': 4.8, 'variance': 0.19999999999999998, 'std_dev': 0.4472135954999579, 'median': 5}","[{'rating': '2 - Technically Possible'}, {'rating': '2 - Technically Possible'}, {'rating': '2 - Technically Possible'}, {'rating': '2 - Technically Possible'}, {'rating': '2 - Technically Possible'}]","{'mean': 2, 'variance': 0, 'std_dev': 0.0, 'median': 2}"
Quinn got a new job in a different town so they moved to a new house.,What will Quinn want to do next?,unpack his things,"Unpacking his things seems implausible because Quinn might prioritize exploring the new town or familiarize themselves with local amenities first before settling their possessions. Additionally, Quinn may want to spend time contacting family and friends to update them about the move rather than immediately diving into the task of unpacking.","[{'rating': '5 - Very Likely'}, {'rating': '1 - Impossible'}, {'rating': '2 - Technically Possible'}, {'rating': '3 - Plausible'}, {'rating': '4 - Likely'}]","[{'feedback': 'When I moved recently, I only really unpacked the bare minimum; I had some changes of clothes, a place to sleep, etc.  I think it unlikely for Quinn and his partner to unpack immediately.'}]",reload his things,"Reloading his things would be counterproductive and impractical because Quinn has just moved into a new house, suggesting he's already unloaded his belongings and should focus on settling in rather than packing again.","[{'rating': '1 - Impossible'}, {'rating': '2 - Technically Possible'}, {'rating': '1 - Impossible'}, {'rating': '4 - Likely'}, {'rating': '2 - Technically Possible'}]",[],"{'mean': 3, 'variance': 2.5, 'std_dev': 1.5811388300841898, 'median': 3}","{'mean': 2, 'variance': 1.5, 'std_dev': 1.224744871391589, 'median': 2}","[{'rating': '5 - Very Likely'}, {'rating': '5 - Very Likely'}, {'rating': '5 - Very Likely'}, {'rating': '5 - Very Likely'}, {'rating': '5 - Very Likely'}]","{'mean': 5, 'variance': 0, 'std_dev': 0.0, 'median': 5}","[{'rating': '5 - Very Likely'}, {'rating': '5 - Very Likely'}, {'rating': '5 - Very Likely'}, {'rating': '4 - Likely'}, {'rating': '4 - Likely'}]","{'mean': 4.6, 'variance': 0.3, 'std_dev': 0.5477225575051661, 'median': 5}"
Robin's plane just landed so Cameron picked them up from the airport.,How would Cameron feel afterwards?,helpful,"This choice is implausible because Cameron's feeling of being ""helpful"" centers more on the action of picking up Robin rather than how Cameron would feel after the event; the question seeks the personal emotional state of Cameron following the action, not during it. Additionally, the end of the interaction, typically a goodbye or simple drop-off, doesn't inherently evoke a feeling of helpfulness.","[{'rating': '5 - Very Likely'}, {'rating': '1 - Impossible'}, {'rating': '2 - Technically Possible'}, {'rating': '4 - Likely'}, {'rating': '3 - Plausible'}]","[{'feedback': 'Cameron may feel helpful afterwards, but I think emotion states more connected with Robin in some fashion more likely.'}]",friendly,"The term ""friendly"" describes a general demeanor rather than a distinct feeling Cameron might experience after picking up Robin from the airport. Since the action is routine and lacks an emotional depth that would specifically evoke a ""friendly"" feeling, it's an implausible choice to describe Cameron's feelings afterwards.","[{'rating': '2 - Technically Possible'}, {'rating': '2 - Technically Possible'}, {'rating': '1 - Impossible'}, {'rating': '4 - Likely'}, {'rating': '2 - Technically Possible'}]",[],"{'mean': 3, 'variance': 2.5, 'std_dev': 1.5811388300841898, 'median': 3}","{'mean': 2.2, 'variance': 1.2, 'std_dev': 1.0954451150103321, 'median': 2}","[{'rating': '5 - Very Likely'}, {'rating': '4 - Likely'}, {'rating': '4 - Likely'}, {'rating': '5 - Very Likely'}, {'rating': '5 - Very Likely'}]","{'mean': 4.6, 'variance': 0.3, 'std_dev': 0.5477225575051661, 'median': 5}","[{'rating': '5 - Very Likely'}, {'rating': '5 - Very Likely'}, {'rating': '5 - Very Likely'}, {'rating': '5 - Very Likely'}, {'rating': '2 - Technically Possible'}]","{'mean': 4.4, 'variance': 1.8, 'std_dev': 1.3416407864998738, 'median': 5}"
Jenny wanted to found out what happened to Quinn's leg and read Quinn's book about his travels where he discussed his accident later in the first chapter.,How would Jenny feel as a result?,satisfied,"The choice ""satisfied"" is implausible because reading about a traumatic event like an accident might evoke empathy or concern in Jenny, rather than satisfaction, which is an unusual response in this context. Satisfaction implies a positive resolution or happiness, which doesn't align with discovering an unfortunate incident like an accident.","[{'rating': '4 - Likely'}, {'rating': '2 - Technically Possible'}, {'rating': '4 - Likely'}, {'rating': '1 - Impossible'}, {'rating': '2 - Technically Possible'}]",[],jealous of Quinn,The implausibility of Jenny feeling jealous of Quinn stems from the context that she was simply seeking information regarding Quinn's accident and not his achievements or experiences. Reading about an accident is more likely to evoke empathy or concern rather than jealousy.,"[{'rating': '1 - Impossible'}, {'rating': '2 - Technically Possible'}, {'rating': '1 - Impossible'}, {'rating': '1 - Impossible'}, {'rating': '1 - Impossible'}]",[],"{'mean': 2.6, 'variance': 1.8, 'std_dev': 1.3416407864998738, 'median': 2}","{'mean': 1.2, 'variance': 0.2, 'std_dev': 0.4472135954999579, 'median': 1}","[{'rating': '3 - Plausible'}, {'rating': '5 - Very Likely'}, {'rating': '3 - Plausible'}, {'rating': '4 - Likely'}, {'rating': '2 - Technically Possible'}]","{'mean': 3.4, 'variance': 1.3, 'std_dev': 1.140175425099138, 'median': 3}","[{'rating': '2 - Technically Possible'}, {'rating': '2 - Technically Possible'}, {'rating': '2 - Technically Possible'}, {'rating': '2 - Technically Possible'}, {'rating': '1 - Impossible'}]","{'mean': 1.8, 'variance': 0.2, 'std_dev': 0.4472135954999579, 'median': 2}"
Kai sat in Austin's lap because she wanted to show him more affection.,What will Austin want to do after?,start kissing Kai,"This choice is implausible because Austin might not feel comfortable reciprocating affection in this manner, especially if they are in a public setting or if such displays do not align with their boundaries. Additionally, Austin might have personal or cultural reservations about kissing, making it an unlikely response.","[{'rating': '2 - Technically Possible'}, {'rating': '1 - Impossible'}, {'rating': '4 - Likely'}, {'rating': '3 - Plausible'}, {'rating': '5 - Very Likely'}]","[{'feedback': 'If Kai is romantically involved with Austin in some fashion, I think it likely for Austin to reciprocate with some kissing.'}]",embarrass Kai,"It is highly implausible that Austin would want to embarrass Kai after she showed him affection, as this action would be counterproductive to maintaining a positive and supportive relationship. Typically, people do not respond to affection by wanting to cause embarrassment to the person expressing it.","[{'rating': '1 - Impossible'}, {'rating': '2 - Technically Possible'}, {'rating': '1 - Impossible'}, {'rating': '3 - Plausible'}, {'rating': '2 - Technically Possible'}]",[],"{'mean': 3, 'variance': 2.5, 'std_dev': 1.5811388300841898, 'median': 3}","{'mean': 1.8, 'variance': 0.7000000000000001, 'std_dev': 0.8366600265340756, 'median': 2}","[{'rating': '4 - Likely'}, {'rating': '4 - Likely'}, {'rating': '3 - Plausible'}, {'rating': '3 - Plausible'}, {'rating': '3 - Plausible'}]","{'mean': 3.4, 'variance': 0.3, 'std_dev': 0.5477225575051661, 'median': 3}","[{'rating': '5 - Very Likely'}, {'rating': '1 - Impossible'}, {'rating': '2 - Technically Possible'}, {'rating': '3 - Plausible'}, {'rating': '2 - Technically Possible'}]","{'mean': 2.6, 'variance': 2.3000000000000003, 'std_dev': 1.5165750888103102, 'median': 2}"
Addison went fishing and brought her brother with her.,What will Addison want to do next?,bate a hook next,"""Bate a hook next"" is implausible because in the context of fishing, Addison would more likely want to ""bait"" a hook rather than ""bate"" it, as ""bate"" is not a term associated with fishing activities, making this choice linguistically incorrect.","[{'rating': '2 - Technically Possible'}, {'rating': '1 - Impossible'}, {'rating': '1 - Impossible'}, {'rating': '1 - Impossible'}, {'rating': '4 - Likely'}]","[{'feedback': ""'Bate' is not really associated with fishing.  'Bait' is.""}]",go to school next,"Going to school typically occurs on a set schedule, not necessarily as the immediate follow-up to recreational activities like fishing, making it an implausible next action for Addison. Additionally, fishing is usually a leisure activity unrelated to any immediate academic obligations.","[{'rating': '2 - Technically Possible'}, {'rating': '2 - Technically Possible'}, {'rating': '1 - Impossible'}, {'rating': '4 - Likely'}, {'rating': '2 - Technically Possible'}]",[],"{'mean': 1.8, 'variance': 1.7000000000000002, 'std_dev': 1.3038404810405297, 'median': 1}","{'mean': 2.2, 'variance': 1.2, 'std_dev': 1.0954451150103321, 'median': 2}","[{'rating': '4 - Likely'}, {'rating': '2 - Technically Possible'}, {'rating': '5 - Very Likely'}, {'rating': '4 - Likely'}, {'rating': '3 - Plausible'}]","{'mean': 3.6, 'variance': 1.3, 'std_dev': 1.140175425099138, 'median': 4}","[{'rating': '2 - Technically Possible'}, {'rating': '2 - Technically Possible'}, {'rating': '2 - Technically Possible'}, {'rating': '2 - Technically Possible'}, {'rating': '2 - Technically Possible'}]","{'mean': 2, 'variance': 0, 'std_dev': 0.0, 'median': 2}"
Ash saved the beehive from destruction because honey is good for you.,How would Others feel as a result?,a friend of the environment,"The choice ""a friend of the environment"" is implausible because while saving the beehive might indirectly benefit the environment, the context specifically highlights the health benefits of honey, not the environmental aspects, thus making the emotional response more likely centered around personal health benefits rather than environmental friendship.","[{'rating': '3 - Plausible'}, {'rating': '1 - Impossible'}, {'rating': '2 - Technically Possible'}, {'rating': '2 - Technically Possible'}, {'rating': '3 - Plausible'}]","[{'feedback': 'The instructions imply that Ash saved the beehive due to health benefits, rather than something else other than being a friend of the environment.'}]",quite motivated,"It is implausible that others would feel ""quite motivated"" because saving a beehive from destruction is a specific environmental action, and while people might feel appreciative or supportive, ""motivated"" implies a direct personal inspiration or drive stemming from Ash's specific action, which may not resonate universally. Additionally, this motivation would depend on their personal interest in bees or environmental issues, which may not be universally shared.","[{'rating': '1 - Impossible'}, {'rating': '2 - Technically Possible'}, {'rating': '2 - Technically Possible'}, {'rating': '4 - Likely'}, {'rating': '2 - Technically Possible'}]",[],"{'mean': 2.2, 'variance': 0.7, 'std_dev': 0.8366600265340756, 'median': 2}","{'mean': 2.2, 'variance': 1.2, 'std_dev': 1.0954451150103321, 'median': 2}","[{'rating': '2 - Technically Possible'}, {'rating': '1 - Impossible'}, {'rating': '5 - Very Likely'}, {'rating': '2 - Technically Possible'}, {'rating': '5 - Very Likely'}]","{'mean': 3, 'variance': 3.5, 'std_dev': 1.8708286933869707, 'median': 2}","[{'rating': '2 - Technically Possible'}, {'rating': '3 - Plausible'}, {'rating': '3 - Plausible'}, {'rating': '3 - Plausible'}, {'rating': '3 - Plausible'}]","{'mean': 2.8, 'variance': 0.19999999999999998, 'std_dev': 0.4472135954999579, 'median': 3}"
Aubrey sounded good talking after months of taking speech therapy at her school.,How would Others feel as a result of this?,proud of Aubrey,"The choice ""proud of Aubrey"" is implausible because others might be focused on their own concerns or indifferent to her progress in speech therapy, not caring enough to feel pride. Additionally, strangers or casual acquaintances might not have any emotional stake in Aubrey's development.","[{'rating': '4 - Likely'}, {'rating': '1 - Impossible'}, {'rating': '2 - Technically Possible'}, {'rating': '3 - Plausible'}, {'rating': '2 - Technically Possible'}]","[{'feedback': ""Others imply a large range of people, from those close to her heart, to complete strangers.  I think that if people knew of Aubrey's struggle and commitment, they would feel good for her, but not necessarily proud of her.""}]",disappointed in Aubrey,"It is implausible that others would feel disappointed in Aubrey because successfully improving her speech is a positive outcome and indicates her hard work and progress, which would typically elicit pride or admiration rather than disappointment.","[{'rating': '2 - Technically Possible'}, {'rating': '2 - Technically Possible'}, {'rating': '1 - Impossible'}, {'rating': '4 - Likely'}, {'rating': '2 - Technically Possible'}]",[],"{'mean': 2.4, 'variance': 1.3, 'std_dev': 1.140175425099138, 'median': 2}","{'mean': 2.2, 'variance': 1.2, 'std_dev': 1.0954451150103321, 'median': 2}","[{'rating': '3 - Plausible'}, {'rating': '3 - Plausible'}, {'rating': '4 - Likely'}, {'rating': '5 - Very Likely'}, {'rating': '5 - Very Likely'}]","{'mean': 4, 'variance': 1, 'std_dev': 1.0, 'median': 4}","[{'rating': '2 - Technically Possible'}, {'rating': '2 - Technically Possible'}, {'rating': '1 - Impossible'}, {'rating': '2 - Technically Possible'}, {'rating': '1 - Impossible'}]","{'mean': 1.6, 'variance': 0.3, 'std_dev': 0.5477225575051661, 'median': 2}"
Aubrey was a police officer that pulled a driver over for speeding down the highway one day.,What will Aubrey want to do next?,talk to the driver,It is implausible that Aubrey would want to talk to the driver next because her primary focus might be on issuing a ticket or assessing the situation from a distance for safety reasons before any direct interaction. Engaging in conversation could unintentionally escalate the situation or distract from the enforcement of traffic laws.,"[{'rating': '1 - Impossible'}, {'rating': '2 - Technically Possible'}, {'rating': '5 - Very Likely'}, {'rating': '3 - Plausible'}, {'rating': '5 - Very Likely'}]",[{'feedback': 'The next step of pulling over a driver is always talking to them.'}],run away from the driver,"Running away from the driver is implausible because as a police officer, Aubrey's duty is to address the traffic violation and ensure public safety, not to avoid the situation. Such an action would be unprofessional and contrary to law enforcement responsibilities.","[{'rating': '2 - Technically Possible'}, {'rating': '2 - Technically Possible'}, {'rating': '1 - Impossible'}, {'rating': '2 - Technically Possible'}, {'rating': '1 - Impossible'}]","[{'feedback': ""Just because it's implausible doesn't mean it's impossible. Aubrey could run away from the driver. It's unlikely, but they could.""}]","{'mean': 3.2, 'variance': 3.2, 'std_dev': 1.7888543819998317, 'median': 3}","{'mean': 1.6, 'variance': 0.3, 'std_dev': 0.5477225575051661, 'median': 2}","[{'rating': '4 - Likely'}, {'rating': '5 - Very Likely'}, {'rating': '4 - Likely'}, {'rating': '5 - Very Likely'}, {'rating': '5 - Very Likely'}]","{'mean': 4.6, 'variance': 0.3, 'std_dev': 0.5477225575051661, 'median': 5}","[{'rating': '2 - Technically Possible'}, {'rating': '1 - Impossible'}, {'rating': '2 - Technically Possible'}, {'rating': '2 - Technically Possible'}, {'rating': '2 - Technically Possible'}]","{'mean': 1.8, 'variance': 0.2, 'std_dev': 0.4472135954999579, 'median': 2}"
