question,gold_label,gold_label_pro_rationale,gold_label_ratings,feedback_gold_label,distractor,distractor_pro_rationale,distractor_ratings,feedback_distractor,gold_label_stats,distractor_stats,gold_label_no_rationale_ratings,gold_label_no_rationale_stats,distractor_no_rationale_ratings,distractor_no_rationale_stats
"When a human is earning money, where are they often found?",place of work,"The most common location where a person earns money is their place of work, as it is specifically designated for them to perform tasks and activities in exchange for compensation. Additionally, workplaces are equipped with the necessary resources and environment to facilitate the performance of job duties that result in earning income.","[{'rating': '4 - Likely'}, {'rating': '4 - Likely'}, {'rating': '5 - Very Likely'}, {'rating': '3 - Plausible'}, {'rating': '4 - Likely'}]","[{'feedback': 'nice'}, {'feedback': 'Traditional places of work are sources of earning money for humans. However, today, there are lots of opportunities such as service industries, outdoor jobs and freelancing that help people earn money.'}]",school,"School is a plausible answer because many individuals, such as teachers, administrators, and support staff, earn their salaries by working in educational institutions. Additionally, students may also earn money through work-study programs or part-time jobs on campus.","[{'rating': '2 - Technically Possible'}, {'rating': '3 - Plausible'}, {'rating': '2 - Technically Possible'}, {'rating': '2 - Technically Possible'}, {'rating': '4 - Likely'}]",[{'feedback': 'It seems plausible from the explanation...'}],"{'mean': 4, 'variance': 0.5, 'std_dev': 0.7071067811865476, 'median': 4}","{'mean': 2.6, 'variance': 0.7999999999999999, 'std_dev': 0.8944271909999159, 'median': 2}","[{'rating': '5 - Very Likely'}, {'rating': '5 - Very Likely'}, {'rating': '2 - Technically Possible'}, {'rating': '5 - Very Likely'}, {'rating': '5 - Very Likely'}]","{'mean': 4.4, 'variance': 1.8, 'std_dev': 1.3416407864998738, 'median': 5}","[{'rating': '2 - Technically Possible'}, {'rating': '2 - Technically Possible'}, {'rating': '2 - Technically Possible'}, {'rating': '3 - Plausible'}, {'rating': '3 - Plausible'}]","{'mean': 2.4, 'variance': 0.3, 'std_dev': 0.5477225575051661, 'median': 2}"
What was the man encouraged to do after he expressed his anger violently?,cool off,"Encouraging the man to ""cool off"" is plausible because it suggests a non-confrontational approach, allowing him time and space to calm down and regain control over his emotions. This response is often recommended as a first step in de-escalating potentially volatile situations and preventing further outbursts.","[{'rating': '4 - Likely'}, {'rating': '3 - Plausible'}, {'rating': '5 - Very Likely'}, {'rating': '4 - Likely'}, {'rating': '4 - Likely'}]",[],fight,"The man was encouraged to ""fight"" as it may have been considered a way to channel his anger into a more structured and potentially therapeutic setting, such as boxing or martial arts, where he could learn to manage his emotions and energy constructively. Engaging in a controlled fighting environment could also serve as a form of physical release and personal development.","[{'rating': '4 - Likely'}, {'rating': '3 - Plausible'}, {'rating': '4 - Likely'}, {'rating': '4 - Likely'}, {'rating': '5 - Very Likely'}]",[],"{'mean': 4, 'variance': 0.5, 'std_dev': 0.7071067811865476, 'median': 4}","{'mean': 4, 'variance': 0.5, 'std_dev': 0.7071067811865476, 'median': 4}","[{'rating': '5 - Very Likely'}, {'rating': '5 - Very Likely'}, {'rating': '5 - Very Likely'}, {'rating': '4 - Likely'}, {'rating': '5 - Very Likely'}]","{'mean': 4.8, 'variance': 0.19999999999999998, 'std_dev': 0.4472135954999579, 'median': 5}","[{'rating': '5 - Very Likely'}, {'rating': '3 - Plausible'}, {'rating': '3 - Plausible'}, {'rating': '5 - Very Likely'}, {'rating': '4 - Likely'}]","{'mean': 4, 'variance': 1, 'std_dev': 1.0, 'median': 4}"
What southern U.S. state is know for having many swamps?,louisiana,"Louisiana is known for its vast wetlands and bayous, particularly the expansive Atchafalaya Basin and parts of the Mississippi Delta, which are characteristic of swampy environments. The state's geography and climate make it an ideal location for the formation of swamps, contributing to its reputation as a state with many swamps.","[{'rating': '4 - Likely'}, {'rating': '5 - Very Likely'}, {'rating': '4 - Likely'}, {'rating': '3 - Plausible'}, {'rating': '5 - Very Likely'}]",[{'feedback': 'nice'}],wetlands,"The choice ""wetlands"" is plausible because it refers to areas that are permanently or seasonally saturated with water, which often include swamps, thus suggesting that any southern U.S. state with significant wetlands could be known for its swamps. By naming the general characteristic, one can infer that states like Louisiana or Florida, known for their extensive wetlands, would fit this description.","[{'rating': '1 - Impossible'}, {'rating': '4 - Likely'}, {'rating': '1 - Impossible'}, {'rating': '3 - Plausible'}, {'rating': '5 - Very Likely'}]",[{'feedback': 'Yes wetlands seems likely '}],"{'mean': 4.2, 'variance': 0.7, 'std_dev': 0.8366600265340756, 'median': 4}","{'mean': 2.8, 'variance': 3.2, 'std_dev': 1.7888543819998317, 'median': 3}","[{'rating': '5 - Very Likely'}, {'rating': '5 - Very Likely'}, {'rating': '4 - Likely'}, {'rating': '5 - Very Likely'}, {'rating': '4 - Likely'}]","{'mean': 4.6, 'variance': 0.3, 'std_dev': 0.5477225575051661, 'median': 5}","[{'rating': '1 - Impossible'}, {'rating': '1 - Impossible'}, {'rating': '1 - Impossible'}, {'rating': '1 - Impossible'}, {'rating': '1 - Impossible'}]","{'mean': 1, 'variance': 0, 'std_dev': 0.0, 'median': 1}"
What can a newspaper be used to do to an engagement?,announce,"A newspaper can be used to announce an engagement by publishing a formal announcement that shares the news with the community, often including details about the couple and their upcoming plans. This traditional method allows for broad public reach and celebration of the engagement.","[{'rating': '3 - Plausible'}, {'rating': '5 - Very Likely'}, {'rating': '4 - Likely'}, {'rating': '5 - Very Likely'}, {'rating': '2 - Technically Possible'}]","[{'feedback': 'The word ""engagement"" could also mean a conflict like a war, which a newspaper is likely to report about. '}]",inform,"A newspaper can be used to inform about an engagement by announcing the news publicly, providing details such as the couple's names, the event date, and background stories, thereby keeping the community updated. This serves as an official form of communication to share the joyous news with a wider audience.","[{'rating': '3 - Plausible'}, {'rating': '3 - Plausible'}, {'rating': '5 - Very Likely'}, {'rating': '5 - Very Likely'}, {'rating': '5 - Very Likely'}]",[],"{'mean': 3.8, 'variance': 1.7, 'std_dev': 1.3038404810405297, 'median': 4}","{'mean': 4.2, 'variance': 1.2, 'std_dev': 1.0954451150103321, 'median': 5}","[{'rating': '5 - Very Likely'}, {'rating': '5 - Very Likely'}, {'rating': '5 - Very Likely'}, {'rating': '5 - Very Likely'}, {'rating': '5 - Very Likely'}]","{'mean': 5, 'variance': 0, 'std_dev': 0.0, 'median': 5}","[{'rating': '5 - Very Likely'}, {'rating': '4 - Likely'}, {'rating': '1 - Impossible'}, {'rating': '5 - Very Likely'}, {'rating': '5 - Very Likely'}]","{'mean': 4, 'variance': 3, 'std_dev': 1.7320508075688772, 'median': 5}"
"They wanted to recognize his accomplishment, where should they put his name?",certificate,"A certificate is a formal document that is often used to recognize and commemorate an individual’s accomplishments, making it an ideal place to put his name to acknowledge his achievement officially. Additionally, certificates are tangible items that can be framed or displayed, serving as a lasting testament to his accomplishment.","[{'rating': '3 - Plausible'}, {'rating': '4 - Likely'}, {'rating': '5 - Very Likely'}, {'rating': '3 - Plausible'}, {'rating': '4 - Likely'}]","[{'feedback': 'nice'}, {'feedback': ""A certificate is effective in acknowledging people's accomplishments""}]",roster,"A roster is an official list or register, often used to track participants or members of a group, so placing his name on a roster would publicly acknowledge and recognize his inclusion and contribution among distinguished individuals in that group.","[{'rating': '2 - Technically Possible'}, {'rating': '4 - Likely'}, {'rating': '4 - Likely'}, {'rating': '3 - Plausible'}, {'rating': '4 - Likely'}]",[{'feedback': 'It seems likely that placing his name on the roster would be helpful...'}],"{'mean': 3.8, 'variance': 0.7, 'std_dev': 0.8366600265340756, 'median': 4}","{'mean': 3.4, 'variance': 0.7999999999999999, 'std_dev': 0.8944271909999159, 'median': 4}","[{'rating': '5 - Very Likely'}, {'rating': '5 - Very Likely'}, {'rating': '5 - Very Likely'}, {'rating': '4 - Likely'}, {'rating': '5 - Very Likely'}]","{'mean': 4.8, 'variance': 0.19999999999999998, 'std_dev': 0.4472135954999579, 'median': 5}","[{'rating': '3 - Plausible'}, {'rating': '2 - Technically Possible'}, {'rating': '2 - Technically Possible'}, {'rating': '4 - Likely'}, {'rating': '2 - Technically Possible'}]","{'mean': 2.6, 'variance': 0.7999999999999999, 'std_dev': 0.8944271909999159, 'median': 2}"
"When you fail to finish something, you failed at doing what to it",completing,"The term ""completing"" refers to bringing a task or project to its conclusion, so if you fail to finish something, it means you have not achieved the state of ""completing"" it. Thus, the failure to complete indicates an unfinished or incomplete status, making ""completing"" a plausible choice.","[{'rating': '5 - Very Likely'}, {'rating': '5 - Very Likely'}, {'rating': '4 - Likely'}, {'rating': '5 - Very Likely'}, {'rating': '5 - Very Likely'}]",[],do well,"The choice ""do well"" is plausible because when you fail to finish something, it implies that you didn't manage or execute the task effectively, which translates to not doing it well. Additionally, not doing well in maintaining progress or managing obstacles can lead to the failure of completing the task.","[{'rating': '4 - Likely'}, {'rating': '2 - Technically Possible'}, {'rating': '2 - Technically Possible'}, {'rating': '4 - Likely'}, {'rating': '4 - Likely'}]",[],"{'mean': 4.8, 'variance': 0.19999999999999998, 'std_dev': 0.4472135954999579, 'median': 5}","{'mean': 3.2, 'variance': 1.2, 'std_dev': 1.0954451150103321, 'median': 4}","[{'rating': '5 - Very Likely'}, {'rating': '5 - Very Likely'}, {'rating': '5 - Very Likely'}, {'rating': '5 - Very Likely'}, {'rating': '5 - Very Likely'}]","{'mean': 5, 'variance': 0, 'std_dev': 0.0, 'median': 5}","[{'rating': '2 - Technically Possible'}, {'rating': '4 - Likely'}, {'rating': '4 - Likely'}, {'rating': '3 - Plausible'}, {'rating': '3 - Plausible'}]","{'mean': 3.2, 'variance': 0.7, 'std_dev': 0.8366600265340756, 'median': 3}"
James loved to surf but he wasn't good at it. He would always do what?,wipe out,"James not being good at surfing likely means he struggled to maintain balance or perfect techniques, leading him to frequently wipe out. Wiping out is a common occurrence for surfers who aren't adept, as it involves failing to stay on the board and falling into the water.","[{'rating': '4 - Likely'}, {'rating': '4 - Likely'}, {'rating': '5 - Very Likely'}, {'rating': '5 - Very Likely'}, {'rating': '5 - Very Likely'}]","[{'feedback': 'Accurate description of what would happen. Depending on how bad he is, though, he may never ever get up on his board to wipe out in the first place. '}]",enjoy yourself,"Even though James wasn't skilled at surfing, his passion and love for it ensured that he focused more on the experience and thrill of being in the water, allowing him to enjoy himself regardless of his performance. This positive attitude highlights that enjoyment does not solely depend on skill level, but on the enthusiasm and engagement in the activity.","[{'rating': '4 - Likely'}, {'rating': '5 - Very Likely'}, {'rating': '2 - Technically Possible'}, {'rating': '3 - Plausible'}, {'rating': '5 - Very Likely'}]",[{'feedback': 'I LIKE'}],"{'mean': 4.6, 'variance': 0.3, 'std_dev': 0.5477225575051661, 'median': 5}","{'mean': 3.8, 'variance': 1.7, 'std_dev': 1.3038404810405297, 'median': 4}","[{'rating': '5 - Very Likely'}, {'rating': '5 - Very Likely'}, {'rating': '4 - Likely'}, {'rating': '4 - Likely'}, {'rating': '4 - Likely'}]","{'mean': 4.4, 'variance': 0.3, 'std_dev': 0.5477225575051661, 'median': 4}","[{'rating': '2 - Technically Possible'}, {'rating': '4 - Likely'}, {'rating': '4 - Likely'}, {'rating': '4 - Likely'}, {'rating': '2 - Technically Possible'}]","{'mean': 3.2, 'variance': 1.2, 'std_dev': 1.0954451150103321, 'median': 4}"
If you're celebrating with too many cocktails what may you have in the morning?,hang over,"Consuming too many cocktails can lead to dehydration and an imbalance of electrolytes, which are common causes of a hangover in the morning. Additionally, the body's metabolism of alcohol can lead to the production of byproducts that contribute to the symptoms associated with hangovers.","[{'rating': '5 - Very Likely'}, {'rating': '5 - Very Likely'}, {'rating': '5 - Very Likely'}, {'rating': '5 - Very Likely'}, {'rating': '5 - Very Likely'}]",[],have fun,"Having too many cocktails while celebrating can sometimes have an intense and memorable experience, making the night filled with laughter and enjoyment, which translates into the memory of having fun, even if you wake up the next morning with a hangover.","[{'rating': '2 - Technically Possible'}, {'rating': '2 - Technically Possible'}, {'rating': '3 - Plausible'}, {'rating': '3 - Plausible'}, {'rating': '1 - Impossible'}]","[{'feedback': 'Technically possible but I would have said a hangover'}, {'feedback': 'can sometimes have an intense night filled with laughter- so it is plausible'}]","{'mean': 5, 'variance': 0, 'std_dev': 0.0, 'median': 5}","{'mean': 2.2, 'variance': 0.7, 'std_dev': 0.8366600265340756, 'median': 2}","[{'rating': '5 - Very Likely'}, {'rating': '5 - Very Likely'}, {'rating': '5 - Very Likely'}, {'rating': '5 - Very Likely'}, {'rating': '5 - Very Likely'}]","{'mean': 5, 'variance': 0, 'std_dev': 0.0, 'median': 5}","[{'rating': '1 - Impossible'}, {'rating': '2 - Technically Possible'}, {'rating': '2 - Technically Possible'}, {'rating': '2 - Technically Possible'}, {'rating': '2 - Technically Possible'}]","{'mean': 1.8, 'variance': 0.2, 'std_dev': 0.4472135954999579, 'median': 2}"
When someone is physically competing what does their body do?,sweat,Sweating is a natural physiological response during physical exertion as it helps regulate body temperature by releasing heat through the evaporation of moisture from the skin. This process is crucial for maintaining optimal performance and preventing overheating during intense physical activities.,"[{'rating': '5 - Very Likely'}, {'rating': '4 - Likely'}, {'rating': '5 - Very Likely'}, {'rating': '5 - Very Likely'}, {'rating': '4 - Likely'}]","[{'feedback': ""This depends on the level of physical competition. If only brief/light, it's possible the person will not sweat but they likely will.""}]",perform better,"During physical competition, the body releases adrenaline which can enhance performance by increasing heart rate, blood flow, and energy availability, resulting in improved physical capabilities. This physiological response is designed to enhance an individual's ability to perform under the stress of competition.","[{'rating': '5 - Very Likely'}, {'rating': '3 - Plausible'}, {'rating': '4 - Likely'}, {'rating': '4 - Likely'}, {'rating': '5 - Very Likely'}]",[],"{'mean': 4.6, 'variance': 0.3, 'std_dev': 0.5477225575051661, 'median': 5}","{'mean': 4.2, 'variance': 0.7, 'std_dev': 0.8366600265340756, 'median': 4}","[{'rating': '5 - Very Likely'}, {'rating': '4 - Likely'}, {'rating': '5 - Very Likely'}, {'rating': '5 - Very Likely'}, {'rating': '3 - Plausible'}]","{'mean': 4.4, 'variance': 0.8, 'std_dev': 0.8944271909999159, 'median': 5}","[{'rating': '4 - Likely'}, {'rating': '4 - Likely'}, {'rating': '5 - Very Likely'}, {'rating': '4 - Likely'}, {'rating': '3 - Plausible'}]","{'mean': 4, 'variance': 0.5, 'std_dev': 0.7071067811865476, 'median': 4}"
How does a planet usually move around the sun?,orbit,"The choice ""orbit"" is plausible because planets move around the sun in a consistent, elliptical path due to the gravitational pull between the sun and the planets, which is commonly referred to as an orbit. This term describes the typical trajectory that celestial bodies take when revolving around a massive body like the sun.","[{'rating': '4 - Likely'}, {'rating': '5 - Very Likely'}, {'rating': '5 - Very Likely'}, {'rating': '5 - Very Likely'}, {'rating': '5 - Very Likely'}]",[],outerspace,"The term ""outerspace"" refers to the vast region beyond Earth's atmosphere where planetary bodies, including planets, reside and move. Thus, a planet moving around the sun does so within the realm of outerspace, making it a plausible context to describe its motion.","[{'rating': '3 - Plausible'}, {'rating': '2 - Technically Possible'}, {'rating': '5 - Very Likely'}, {'rating': '2 - Technically Possible'}, {'rating': '3 - Plausible'}]","[{'feedback': 'Kinda an abstraction, no?'}, {'feedback': 'its plausible according to the explanation-so its technically possible'}]","{'mean': 4.8, 'variance': 0.19999999999999998, 'std_dev': 0.4472135954999579, 'median': 5}","{'mean': 3, 'variance': 1.5, 'std_dev': 1.224744871391589, 'median': 3}","[{'rating': '5 - Very Likely'}, {'rating': '4 - Likely'}, {'rating': '5 - Very Likely'}, {'rating': '5 - Very Likely'}, {'rating': '1 - Impossible'}]","{'mean': 4, 'variance': 3, 'std_dev': 1.7320508075688772, 'median': 5}","[{'rating': '4 - Likely'}, {'rating': '5 - Very Likely'}, {'rating': '2 - Technically Possible'}, {'rating': '2 - Technically Possible'}, {'rating': '2 - Technically Possible'}]","{'mean': 3, 'variance': 2, 'std_dev': 1.4142135623730951, 'median': 2}"
What is the process of going somewhere?,transporting,"Transporting is a plausible answer as it refers to the act of moving or carrying something from one place to another, aligning with the concept of traveling or journeying to a destination.","[{'rating': '2 - Technically Possible'}, {'rating': '5 - Very Likely'}, {'rating': '3 - Plausible'}, {'rating': '3 - Plausible'}, {'rating': '3 - Plausible'}]",[],energy,"Energy is a plausible answer because the process of going somewhere typically requires physical effort or mechanical power, both of which are forms of energy that enable movement and transportation. Without energy, whether human or fuel-related, the act of moving to a different location would not be feasible.","[{'rating': '2 - Technically Possible'}, {'rating': '1 - Impossible'}, {'rating': '4 - Likely'}, {'rating': '5 - Very Likely'}, {'rating': '4 - Likely'}]",[{'feedback': 'Wtf'}],"{'mean': 3.2, 'variance': 1.2, 'std_dev': 1.0954451150103321, 'median': 3}","{'mean': 3.2, 'variance': 2.6999999999999997, 'std_dev': 1.6431676725154982, 'median': 4}","[{'rating': '4 - Likely'}, {'rating': '5 - Very Likely'}, {'rating': '3 - Plausible'}, {'rating': '5 - Very Likely'}, {'rating': '5 - Very Likely'}]","{'mean': 4.4, 'variance': 0.8, 'std_dev': 0.8944271909999159, 'median': 5}","[{'rating': '2 - Technically Possible'}, {'rating': '5 - Very Likely'}, {'rating': '1 - Impossible'}, {'rating': '1 - Impossible'}, {'rating': '1 - Impossible'}]","{'mean': 2, 'variance': 3, 'std_dev': 1.7320508075688772, 'median': 1}"
"If you have leftover cake, where would you put it?",refrigerator,"Storing leftover cake in the refrigerator is plausible because it helps keep the cake fresh for an extended period by slowing down the growth of bacteria and preventing spoilage. Additionally, the cooler temperature preserves the texture and taste of the cake, making it more enjoyable when eaten later.","[{'rating': '5 - Very Likely'}, {'rating': '3 - Plausible'}, {'rating': '2 - Technically Possible'}, {'rating': '5 - Very Likely'}, {'rating': '5 - Very Likely'}]","[{'feedback': ""It's likely but you could also put it in a container and give it to someone among other options.""}]",night stand,"Placing leftover cake on a nightstand could be plausible if someone wants to have a convenient midnight snack without needing to leave their bedroom. Additionally, a nightstand offers a nearby surface to store food temporarily if the room is suitably cool.","[{'rating': '1 - Impossible'}, {'rating': '3 - Plausible'}, {'rating': '2 - Technically Possible'}, {'rating': '2 - Technically Possible'}, {'rating': '3 - Plausible'}]","[{'feedback': 'As someone who literally left a slice of cake on my night stand last night, this checks out (for me anyways)'}, {'feedback': 'its technically possible -if room is cool'}]","{'mean': 4, 'variance': 2, 'std_dev': 1.4142135623730951, 'median': 5}","{'mean': 2.2, 'variance': 0.7, 'std_dev': 0.8366600265340756, 'median': 2}","[{'rating': '5 - Very Likely'}, {'rating': '4 - Likely'}, {'rating': '4 - Likely'}, {'rating': '5 - Very Likely'}, {'rating': '5 - Very Likely'}]","{'mean': 4.6, 'variance': 0.3, 'std_dev': 0.5477225575051661, 'median': 5}","[{'rating': '1 - Impossible'}, {'rating': '1 - Impossible'}, {'rating': '1 - Impossible'}, {'rating': '3 - Plausible'}, {'rating': '3 - Plausible'}]","{'mean': 1.8, 'variance': 1.2, 'std_dev': 1.0954451150103321, 'median': 1}"
Where would someone keep their nylon leggings?,drawer,"A drawer is a plausible place to keep nylon leggings because it provides a clean, organized, and easily accessible storage solution that helps protect the delicate fabric from damage and keeps them neatly folded.","[{'rating': '5 - Very Likely'}, {'rating': '3 - Plausible'}, {'rating': '4 - Likely'}, {'rating': '5 - Very Likely'}, {'rating': '4 - Likely'}]",[{'feedback': 'A drawer is one of many places someone could store their nylon leggings.'}],car,"Someone might keep their nylon leggings in their car for quick and easy access for gym sessions, emergencies, or sudden weather changes, ensuring they have a convenient outfit change option readily available while on the go.","[{'rating': '3 - Plausible'}, {'rating': '4 - Likely'}, {'rating': '2 - Technically Possible'}, {'rating': '3 - Plausible'}, {'rating': '3 - Plausible'}]",[{'feedback': 'My sister does this '}],"{'mean': 4.2, 'variance': 0.7, 'std_dev': 0.8366600265340756, 'median': 4}","{'mean': 3, 'variance': 0.5, 'std_dev': 0.7071067811865476, 'median': 3}","[{'rating': '5 - Very Likely'}, {'rating': '5 - Very Likely'}, {'rating': '5 - Very Likely'}, {'rating': '5 - Very Likely'}, {'rating': '4 - Likely'}]","{'mean': 4.8, 'variance': 0.19999999999999998, 'std_dev': 0.4472135954999579, 'median': 5}","[{'rating': '2 - Technically Possible'}, {'rating': '2 - Technically Possible'}, {'rating': '2 - Technically Possible'}, {'rating': '1 - Impossible'}, {'rating': '2 - Technically Possible'}]","{'mean': 1.8, 'variance': 0.2, 'std_dev': 0.4472135954999579, 'median': 2}"
What do people do when they think too quickly?,jump to conclusions,"When people think too quickly, they may not take the time to consider all possible options or gather adequate information, leading them to make assumptions and prematurely jump to conclusions. This hasty decision-making process often skips critical analysis, which can cause them to arrive at conclusions rapidly based on incomplete or biased information.","[{'rating': '5 - Very Likely'}, {'rating': '3 - Plausible'}, {'rating': '3 - Plausible'}, {'rating': '5 - Very Likely'}, {'rating': '3 - Plausible'}]","[{'feedback': ""It's possible for someone thinking too quickly to jump to conclusions but it's also possible for them to face other issues, such as not coming to any conclusions at all or confusing themselves.""}]",hurry home,"When people think too quickly, they might make impulsive decisions such as hurrying home in an attempt to feel more secure or seek the comfort and familiarity of their personal space to process their rapid thoughts.","[{'rating': '2 - Technically Possible'}, {'rating': '1 - Impossible'}, {'rating': '2 - Technically Possible'}, {'rating': '2 - Technically Possible'}, {'rating': '2 - Technically Possible'}]",[{'feedback': 'technically possible if they need to feel comfort and familarity'}],"{'mean': 3.8, 'variance': 1.2, 'std_dev': 1.0954451150103321, 'median': 3}","{'mean': 1.8, 'variance': 0.2, 'std_dev': 0.4472135954999579, 'median': 2}","[{'rating': '5 - Very Likely'}, {'rating': '5 - Very Likely'}, {'rating': '4 - Likely'}, {'rating': '5 - Very Likely'}, {'rating': '4 - Likely'}]","{'mean': 4.6, 'variance': 0.3, 'std_dev': 0.5477225575051661, 'median': 5}","[{'rating': '2 - Technically Possible'}, {'rating': '2 - Technically Possible'}, {'rating': '2 - Technically Possible'}, {'rating': '2 - Technically Possible'}, {'rating': '1 - Impossible'}]","{'mean': 1.8, 'variance': 0.2, 'std_dev': 0.4472135954999579, 'median': 2}"
Where do people get beer after a bit of gambling?,casino,"Casinos often have bars or provide complimentary drinks to patrons, making it a convenient place for people to get beer after gambling. Additionally, the social atmosphere and entertainment options at casinos make them a popular choice for people looking to relax and enjoy a drink.","[{'rating': '2 - Technically Possible'}, {'rating': '4 - Likely'}, {'rating': '4 - Likely'}, {'rating': '3 - Plausible'}, {'rating': '5 - Very Likely'}]",[{'feedback': 'nice'}],hockey game,"After a bit of gambling, people might attend a hockey game where they can enjoy the lively atmosphere and buy beer from the concession stands, which often sell alcoholic beverages to enhance the spectator experience.","[{'rating': '2 - Technically Possible'}, {'rating': '1 - Impossible'}, {'rating': '2 - Technically Possible'}, {'rating': '2 - Technically Possible'}, {'rating': '4 - Likely'}]","[{'feedback': ""I don't associate gambling with a hockey game so I chose Impossible...""}]","{'mean': 3.6, 'variance': 1.3, 'std_dev': 1.140175425099138, 'median': 4}","{'mean': 2.2, 'variance': 1.2, 'std_dev': 1.0954451150103321, 'median': 2}","[{'rating': '4 - Likely'}, {'rating': '3 - Plausible'}, {'rating': '2 - Technically Possible'}, {'rating': '4 - Likely'}, {'rating': '4 - Likely'}]","{'mean': 3.4, 'variance': 0.7999999999999999, 'std_dev': 0.8944271909999159, 'median': 4}","[{'rating': '2 - Technically Possible'}, {'rating': '2 - Technically Possible'}, {'rating': '3 - Plausible'}, {'rating': '2 - Technically Possible'}, {'rating': '3 - Plausible'}]","{'mean': 2.4, 'variance': 0.3, 'std_dev': 0.5477225575051661, 'median': 2}"
James tore the antenna off of his boat due to bad reception as he was crossing the channel from France.  Where was he going?,england,"If James was crossing the channel from France, he was likely heading to England, as the English Channel is the body of water that separates France from England, making it a plausible destination.","[{'rating': '3 - Plausible'}, {'rating': '3 - Plausible'}, {'rating': '4 - Likely'}, {'rating': '5 - Very Likely'}, {'rating': '3 - Plausible'}]",[],television,"While ""television"" might seem unconventional as a destination, James could have personified television as a goal or idea, symbolizing his frustration with not being able to watch his favorite programs during the journey. Thus, tearing off the antenna in a moment of annoyance represents his longing for improved access to television, metaphorically making his destination ""television.""","[{'rating': '1 - Impossible'}, {'rating': '4 - Likely'}, {'rating': '1 - Impossible'}, {'rating': '1 - Impossible'}, {'rating': '2 - Technically Possible'}]",[],"{'mean': 3.6, 'variance': 0.7999999999999999, 'std_dev': 0.8944271909999159, 'median': 3}","{'mean': 1.8, 'variance': 1.7000000000000002, 'std_dev': 1.3038404810405297, 'median': 1}","[{'rating': '5 - Very Likely'}, {'rating': '5 - Very Likely'}, {'rating': '4 - Likely'}, {'rating': '5 - Very Likely'}, {'rating': '3 - Plausible'}]","{'mean': 4.4, 'variance': 0.8, 'std_dev': 0.8944271909999159, 'median': 5}","[{'rating': '1 - Impossible'}, {'rating': '1 - Impossible'}, {'rating': '1 - Impossible'}, {'rating': '1 - Impossible'}, {'rating': '1 - Impossible'}]","{'mean': 1, 'variance': 0, 'std_dev': 0.0, 'median': 1}"
Jodie felt a tightness in her chest. She was worried but didn't want to go to the hospital. Where might she go instead?,bedroom,"Jodie might choose to go to her bedroom because it is a familiar and comfortable environment, allowing her to rest and potentially alleviate her anxiety about the tightness in her chest. Additionally, she may want to lie down and monitor her symptoms in a private space before deciding on further action.","[{'rating': '3 - Plausible'}, {'rating': '3 - Plausible'}, {'rating': '2 - Technically Possible'}, {'rating': '3 - Plausible'}, {'rating': '3 - Plausible'}]","[{'feedback': ""This is definitely possible, but not a good choice. If she is worried about tightness in her chest, she would likely go to an urgent care or get a same-day appointment with a PC physician if she doesn't want to go to emergency. ""}]",human being,"Jodie might choose to speak with a trusted human being, such as a friend or family member, to discuss her symptoms and receive emotional support or advice on her next steps. Consulting with someone she trusts can provide her with reassurance and guidance without having to visit a hospital immediately.","[{'rating': '4 - Likely'}, {'rating': '1 - Impossible'}, {'rating': '4 - Likely'}, {'rating': '4 - Likely'}, {'rating': '1 - Impossible'}]",[{'feedback': 'VERY NICE '}],"{'mean': 2.8, 'variance': 0.19999999999999998, 'std_dev': 0.4472135954999579, 'median': 3}","{'mean': 2.8, 'variance': 2.6999999999999997, 'std_dev': 1.6431676725154982, 'median': 4}","[{'rating': '2 - Technically Possible'}, {'rating': '2 - Technically Possible'}, {'rating': '3 - Plausible'}, {'rating': '3 - Plausible'}, {'rating': '4 - Likely'}]","{'mean': 2.8, 'variance': 0.7, 'std_dev': 0.8366600265340756, 'median': 3}","[{'rating': '1 - Impossible'}, {'rating': '3 - Plausible'}, {'rating': '1 - Impossible'}, {'rating': '1 - Impossible'}, {'rating': '1 - Impossible'}]","{'mean': 1.4, 'variance': 0.8, 'std_dev': 0.8944271909999159, 'median': 1}"
"She loved spending money at the thrift store on knickknacks, this resulted in a lot of what on every shelf in her house?",clutter,"The choice ""clutter"" is plausible because constant spending on knickknacks at a thrift store likely leads to an accumulation of small, miscellaneous items, resulting in overcrowded shelves and a cluttered appearance in her house.","[{'rating': '4 - Likely'}, {'rating': '4 - Likely'}, {'rating': '5 - Very Likely'}, {'rating': '3 - Plausible'}, {'rating': '5 - Very Likely'}]",[{'feedback': 'Very likely - my grandmother did exactly this and she had tons of crap on every shelf. '}],poverty,"The choice of ""poverty"" is plausible because her frequent spending at the thrift store might have led to financial strain, symbolically represented by the cheap or disorderly appearance of knickknacks on every shelf, illustrating a lack of wealth or prioritization of financial stability.","[{'rating': '4 - Likely'}, {'rating': '1 - Impossible'}, {'rating': '1 - Impossible'}, {'rating': '2 - Technically Possible'}, {'rating': '2 - Technically Possible'}]",[{'feedback': 'I LIKE'}],"{'mean': 4.2, 'variance': 0.7, 'std_dev': 0.8366600265340756, 'median': 4}","{'mean': 2, 'variance': 1.5, 'std_dev': 1.224744871391589, 'median': 2}","[{'rating': '4 - Likely'}, {'rating': '5 - Very Likely'}, {'rating': '5 - Very Likely'}, {'rating': '5 - Very Likely'}, {'rating': '5 - Very Likely'}]","{'mean': 4.8, 'variance': 0.19999999999999998, 'std_dev': 0.4472135954999579, 'median': 5}","[{'rating': '1 - Impossible'}, {'rating': '1 - Impossible'}, {'rating': '1 - Impossible'}, {'rating': '1 - Impossible'}, {'rating': '3 - Plausible'}]","{'mean': 1.4, 'variance': 0.8, 'std_dev': 0.8944271909999159, 'median': 1}"
"The baby was cranky, it needed to eat breakfast but refused to what?",open mouth,"The answer choice ""open mouth"" is plausible because a baby needs to open its mouth to eat breakfast, and if the baby is cranky and refusing to open its mouth, it will have difficulty eating, which explains its irritable state.","[{'rating': '4 - Likely'}, {'rating': '3 - Plausible'}, {'rating': '5 - Very Likely'}, {'rating': '4 - Likely'}, {'rating': '3 - Plausible'}]","[{'feedback': 'nice'}, {'feedback': 'A baby can be cranky for various reasons such as dirty diapers, tiredness and also hunger. It is possible that the baby was hungry, but also cranky for other reasons. '}]",get out of bed,"Getting out of bed is a plausible issue because the baby might associate being out of bed with activities they resist, like eating breakfast, resulting in them refusing to leave the comforting environment of their bed.","[{'rating': '3 - Plausible'}, {'rating': '5 - Very Likely'}, {'rating': '2 - Technically Possible'}, {'rating': '2 - Technically Possible'}, {'rating': '5 - Very Likely'}]",[{'feedback': 'It does seem very likely..'}],"{'mean': 3.8, 'variance': 0.7, 'std_dev': 0.8366600265340756, 'median': 4}","{'mean': 3.4, 'variance': 2.3000000000000003, 'std_dev': 1.5165750888103102, 'median': 3}","[{'rating': '5 - Very Likely'}, {'rating': '4 - Likely'}, {'rating': '3 - Plausible'}, {'rating': '4 - Likely'}, {'rating': '5 - Very Likely'}]","{'mean': 4.2, 'variance': 0.7, 'std_dev': 0.8366600265340756, 'median': 4}","[{'rating': '3 - Plausible'}, {'rating': '1 - Impossible'}, {'rating': '5 - Very Likely'}, {'rating': '3 - Plausible'}, {'rating': '1 - Impossible'}]","{'mean': 2.6, 'variance': 2.8000000000000003, 'std_dev': 1.6733200530681511, 'median': 3}"
"The rats were hiding in the house, where were they?",cellar,"The cellar is a secluded and dimly lit area of the house, making it an ideal hiding place for the rats who tend to seek out quiet and less-disturbed environments. Since cellars are often used for storage, there are likely various items and debris that can provide cover and nesting opportunities for the rats.","[{'rating': '3 - Plausible'}, {'rating': '2 - Technically Possible'}, {'rating': '3 - Plausible'}, {'rating': '5 - Very Likely'}, {'rating': '3 - Plausible'}]","[{'feedback': ""I have the feeling that it's uncommon to have a cellar in a house these days.""}]",sewers,"The choice ""sewers"" is plausible because sewers often connect with the foundations of buildings, including houses, providing a potential entry and hiding space for rats. Additionally, sewers offer the dark and damp environment that rats often seek out, making them a likely hiding spot.","[{'rating': '3 - Plausible'}, {'rating': '4 - Likely'}, {'rating': '2 - Technically Possible'}, {'rating': '1 - Impossible'}, {'rating': '2 - Technically Possible'}]",[],"{'mean': 3.2, 'variance': 1.2, 'std_dev': 1.0954451150103321, 'median': 3}","{'mean': 2.4, 'variance': 1.3, 'std_dev': 1.140175425099138, 'median': 2}","[{'rating': '5 - Very Likely'}, {'rating': '5 - Very Likely'}, {'rating': '5 - Very Likely'}, {'rating': '5 - Very Likely'}, {'rating': '5 - Very Likely'}]","{'mean': 5, 'variance': 0, 'std_dev': 0.0, 'median': 5}","[{'rating': '1 - Impossible'}, {'rating': '4 - Likely'}, {'rating': '5 - Very Likely'}, {'rating': '2 - Technically Possible'}, {'rating': '4 - Likely'}]","{'mean': 3.2, 'variance': 2.6999999999999997, 'std_dev': 1.6431676725154982, 'median': 4}"
A good interview after applying for a job may cause you to feel what?,hope,"A good interview can instill a sense of hope because it suggests a strong possibility of receiving a job offer, aligning with your career aspirations and providing future opportunities. This feeling can be motivating and reinforce the belief that your skills and experiences are valued by potential employers.","[{'rating': '4 - Likely'}, {'rating': '4 - Likely'}, {'rating': '4 - Likely'}, {'rating': '5 - Very Likely'}, {'rating': '4 - Likely'}]",[{'feedback': 'hope is best confident '}],rejection,"A good interview might lead to overconfidence, causing one to overlook any subtle signs or misinterpret signals during the process, which could result in the surprise of rejection. Additionally, higher expectations post-interview could amplify the emotional impact if the final outcome is unsuccessful.","[{'rating': '1 - Impossible'}, {'rating': '1 - Impossible'}, {'rating': '4 - Likely'}, {'rating': '2 - Technically Possible'}, {'rating': '1 - Impossible'}]",[],"{'mean': 4.2, 'variance': 0.19999999999999998, 'std_dev': 0.4472135954999579, 'median': 4}","{'mean': 1.8, 'variance': 1.7000000000000002, 'std_dev': 1.3038404810405297, 'median': 1}","[{'rating': '3 - Plausible'}, {'rating': '5 - Very Likely'}, {'rating': '4 - Likely'}, {'rating': '5 - Very Likely'}, {'rating': '5 - Very Likely'}]","{'mean': 4.4, 'variance': 0.8, 'std_dev': 0.8944271909999159, 'median': 5}","[{'rating': '1 - Impossible'}, {'rating': '1 - Impossible'}, {'rating': '2 - Technically Possible'}, {'rating': '2 - Technically Possible'}, {'rating': '1 - Impossible'}]","{'mean': 1.4, 'variance': 0.3, 'std_dev': 0.5477225575051661, 'median': 1}"
How would you get from one side of a canal to another?,bridge,"A bridge is a plausible way to get from one side of a canal to another as it provides a direct and elevated pathway that allows for safe crossing over the water without the need for swimming or boating. It is a common and efficient structure specifically designed for this purpose, facilitating the movement of pedestrians, vehicles, or bicycles across canals and other obstacles.","[{'rating': '3 - Plausible'}, {'rating': '4 - Likely'}, {'rating': '5 - Very Likely'}, {'rating': '3 - Plausible'}, {'rating': '5 - Very Likely'}]","[{'feedback': 'nice'}, {'feedback': 'A bridge can help cars as well as people to cross over.'}]",venice,"Venice is famously known for its canals, and by saying ""Venice,"" it implies utilizing the city’s unique waterway system, such as taking a gondola or vaporetto, to cross from one side of a canal to another. Thus, ""Venice"" symbolizes the practical and cultural method of crossing canals in that historic city.","[{'rating': '2 - Technically Possible'}, {'rating': '4 - Likely'}, {'rating': '3 - Plausible'}, {'rating': '4 - Likely'}, {'rating': '4 - Likely'}]",[{'feedback': 'It seems likely that you one can cross canals through Venice...'}],"{'mean': 4, 'variance': 1, 'std_dev': 1.0, 'median': 4}","{'mean': 3.4, 'variance': 0.7999999999999999, 'std_dev': 0.8944271909999159, 'median': 4}","[{'rating': '4 - Likely'}, {'rating': '4 - Likely'}, {'rating': '5 - Very Likely'}, {'rating': '5 - Very Likely'}, {'rating': '5 - Very Likely'}]","{'mean': 4.6, 'variance': 0.3, 'std_dev': 0.5477225575051661, 'median': 5}","[{'rating': '2 - Technically Possible'}, {'rating': '1 - Impossible'}, {'rating': '1 - Impossible'}, {'rating': '1 - Impossible'}, {'rating': '2 - Technically Possible'}]","{'mean': 1.4, 'variance': 0.3, 'std_dev': 0.5477225575051661, 'median': 1}"
What is the animal trying to accomplish?,live long,"The animal is likely trying to accomplish living long as its instinctual behaviors are aimed at survival, ensuring access to food, shelter, and protection from predators, which collectively contribute to a longer lifespan. Additionally, living long increases the chances of passing on its genes to future generations, aligning with the fundamental drive of evolutionary success.","[{'rating': '4 - Likely'}, {'rating': '4 - Likely'}, {'rating': '4 - Likely'}, {'rating': '4 - Likely'}, {'rating': '2 - Technically Possible'}]","[{'feedback': 'It\'s likely that the animal is trying to ""live long"" but I have misgivings about whether an animal understands that its life is finite or that time passes in such as way to make it think that living for a longer time is a thing it can do. The explanation does address that concern to a good degree, however.'}]",leave home,"The animal might be leaving home to find a new territory for resources or to establish its own family, as leaving home is a natural behavior for many animals seeking independence and survival. Additionally, seasonal migration or environmental changes could be driving the animal to seek a more suitable habitat elsewhere.","[{'rating': '3 - Plausible'}, {'rating': '3 - Plausible'}, {'rating': '2 - Technically Possible'}, {'rating': '4 - Likely'}, {'rating': '5 - Very Likely'}]",[],"{'mean': 3.6, 'variance': 0.8, 'std_dev': 0.8944271909999159, 'median': 4}","{'mean': 3.4, 'variance': 1.3, 'std_dev': 1.140175425099138, 'median': 3}","[{'rating': '3 - Plausible'}, {'rating': '5 - Very Likely'}, {'rating': '4 - Likely'}, {'rating': '4 - Likely'}, {'rating': '3 - Plausible'}]","{'mean': 3.8, 'variance': 0.7, 'std_dev': 0.8366600265340756, 'median': 4}","[{'rating': '1 - Impossible'}, {'rating': '3 - Plausible'}, {'rating': '3 - Plausible'}, {'rating': '2 - Technically Possible'}, {'rating': '3 - Plausible'}]","{'mean': 2.4, 'variance': 0.7999999999999999, 'std_dev': 0.8944271909999159, 'median': 3}"
Obstructing justice is sometimes an excuse used for police brutality which causes what in people?,getting hurt,"Obstructing justice as an excuse for police brutality often results in people getting hurt because it legitimizes the use of excessive force that directly causes physical harm. This justification can exacerbate violence, leading to injuries among those involved.","[{'rating': '3 - Plausible'}, {'rating': '5 - Very Likely'}, {'rating': '4 - Likely'}, {'rating': '4 - Likely'}, {'rating': '3 - Plausible'}]",[],prosecution,"The fear of being prosecuted can be used to justify excessive use of force, as individuals may be more likely to resist arrest or fail to comply under stressful situations, which officers could perceive as obstructing justice. Consequently, communities may develop a heightened awareness and concern about potential prosecution when interacting with law enforcement.","[{'rating': '3 - Plausible'}, {'rating': '2 - Technically Possible'}, {'rating': '4 - Likely'}, {'rating': '5 - Very Likely'}, {'rating': '2 - Technically Possible'}]",[],"{'mean': 3.8, 'variance': 0.7, 'std_dev': 0.8366600265340756, 'median': 4}","{'mean': 3.2, 'variance': 1.7, 'std_dev': 1.3038404810405297, 'median': 3}","[{'rating': '3 - Plausible'}, {'rating': '4 - Likely'}, {'rating': '5 - Very Likely'}, {'rating': '4 - Likely'}, {'rating': '4 - Likely'}]","{'mean': 4, 'variance': 0.5, 'std_dev': 0.7071067811865476, 'median': 4}","[{'rating': '4 - Likely'}, {'rating': '1 - Impossible'}, {'rating': '1 - Impossible'}, {'rating': '1 - Impossible'}, {'rating': '2 - Technically Possible'}]","{'mean': 1.8, 'variance': 1.7000000000000002, 'std_dev': 1.3038404810405297, 'median': 1}"
"If somebody is working at a reception desk, they are located at the front entrance of the what?",building,"The reception desk is typically positioned at the front entrance of a building because it serves as the initial point of contact for visitors, making it a logical location for managing arrivals and directing guests efficiently.","[{'rating': '5 - Very Likely'}, {'rating': '5 - Very Likely'}, {'rating': '4 - Likely'}, {'rating': '5 - Very Likely'}, {'rating': '3 - Plausible'}]","[{'feedback': '""Building"" is a good answer, and it took me a moment to remember the word ""lobby"" or ""office."".'}]",lobby,"The reception desk is commonly found in the lobby because the lobby serves as the main entrance area where visitors and guests first arrive and check in. Therefore, having the reception desk in the lobby ensures easy access and visibility for providing assistance and information.","[{'rating': '5 - Very Likely'}, {'rating': '5 - Very Likely'}, {'rating': '4 - Likely'}, {'rating': '5 - Very Likely'}, {'rating': '5 - Very Likely'}]",[],"{'mean': 4.4, 'variance': 0.8, 'std_dev': 0.8944271909999159, 'median': 5}","{'mean': 4.8, 'variance': 0.19999999999999998, 'std_dev': 0.4472135954999579, 'median': 5}","[{'rating': '5 - Very Likely'}, {'rating': '3 - Plausible'}, {'rating': '5 - Very Likely'}, {'rating': '5 - Very Likely'}, {'rating': '5 - Very Likely'}]","{'mean': 4.6, 'variance': 0.7999999999999999, 'std_dev': 0.8944271909999159, 'median': 5}","[{'rating': '3 - Plausible'}, {'rating': '4 - Likely'}, {'rating': '5 - Very Likely'}, {'rating': '5 - Very Likely'}, {'rating': '5 - Very Likely'}]","{'mean': 4.4, 'variance': 0.8, 'std_dev': 0.8944271909999159, 'median': 5}"
Why does having a disability sometimes making academic tasks hard for a person?,mentally challenged,"Having a mental challenge can impact cognitive processes such as memory, attention, and problem-solving skills, making it difficult to comprehend and complete academic tasks. This can lead to struggles with learning and understanding complex concepts, thus hindering academic performance.","[{'rating': '3 - Plausible'}, {'rating': '2 - Technically Possible'}, {'rating': '5 - Very Likely'}, {'rating': '3 - Plausible'}, {'rating': '4 - Likely'}]","[{'feedback': 'A disability might be physical, like blindness or quadraplegia, in which case ""mentally challenged"" may not be an appropriate answer. A deaf person may have no cognitive impairments, for instance.'}]",hungry,"Hunger can exacerbate the challenges faced by individuals with disabilities, as it can lead to decreased concentration, energy, and cognitive functioning, which are crucial for tackling academic tasks. This means that being hungry, in conjunction with a disability, can make focusing on schoolwork significantly more difficult.","[{'rating': '2 - Technically Possible'}, {'rating': '2 - Technically Possible'}, {'rating': '2 - Technically Possible'}, {'rating': '2 - Technically Possible'}, {'rating': '2 - Technically Possible'}]",[],"{'mean': 3.4, 'variance': 1.3, 'std_dev': 1.140175425099138, 'median': 3}","{'mean': 2, 'variance': 0, 'std_dev': 0.0, 'median': 2}","[{'rating': '5 - Very Likely'}, {'rating': '5 - Very Likely'}, {'rating': '5 - Very Likely'}, {'rating': '5 - Very Likely'}, {'rating': '4 - Likely'}]","{'mean': 4.8, 'variance': 0.19999999999999998, 'std_dev': 0.4472135954999579, 'median': 5}","[{'rating': '2 - Technically Possible'}, {'rating': '1 - Impossible'}, {'rating': '1 - Impossible'}, {'rating': '2 - Technically Possible'}, {'rating': '1 - Impossible'}]","{'mean': 1.4, 'variance': 0.3, 'std_dev': 0.5477225575051661, 'median': 1}"
What do you write letter in in America?,english alphabet,"The English alphabet is the standard set of letters used for writing in the United States, making it a plausible answer as it is the primary alphabet used for all written communication in America. Therefore, letters in America are typically written using the English alphabet.","[{'rating': '5 - Very Likely'}, {'rating': '2 - Technically Possible'}, {'rating': '5 - Very Likely'}, {'rating': '5 - Very Likely'}, {'rating': '3 - Plausible'}]","[{'feedback': ""The question is confusing. I'm not sure if it's a typo or not.""}]",syllable,"Syllables form the basic units of pronunciation, and in America, letters are combined into syllables to construct words for communication. Therefore, writing a letter in America involves the arrangement and utilization of syllables.","[{'rating': '1 - Impossible'}, {'rating': '4 - Likely'}, {'rating': '2 - Technically Possible'}, {'rating': '1 - Impossible'}, {'rating': '1 - Impossible'}]",[],"{'mean': 4, 'variance': 2, 'std_dev': 1.4142135623730951, 'median': 5}","{'mean': 1.8, 'variance': 1.7000000000000002, 'std_dev': 1.3038404810405297, 'median': 1}","[{'rating': '3 - Plausible'}, {'rating': '2 - Technically Possible'}, {'rating': '5 - Very Likely'}, {'rating': '5 - Very Likely'}, {'rating': '5 - Very Likely'}]","{'mean': 4, 'variance': 2, 'std_dev': 1.4142135623730951, 'median': 5}","[{'rating': '3 - Plausible'}, {'rating': '1 - Impossible'}, {'rating': '5 - Very Likely'}, {'rating': '1 - Impossible'}, {'rating': '1 - Impossible'}]","{'mean': 2.2, 'variance': 3.1999999999999997, 'std_dev': 1.7888543819998317, 'median': 1}"
Aside from water and nourishment what does your dog need?,lots of attention,"Dogs are social animals that thrive on interaction and companionship, making lots of attention essential for their emotional well-being and development. By providing attention, owners can strengthen their bond with their dog, enhance socialization skills, and reduce the risk of behavioral issues stemming from loneliness or neglect.","[{'rating': '5 - Very Likely'}, {'rating': '5 - Very Likely'}, {'rating': '5 - Very Likely'}, {'rating': '4 - Likely'}, {'rating': '5 - Very Likely'}]","[{'feedback': 'nice'}, {'feedback': 'Since dogs are social animals, lots of attention can help attain this social need to help them feel happy, loved and secure.'}]",charm,"Charm can enhance a dog's interactions with humans and other pets, making it more likely to receive affection, playtime, and social engagement, all of which contribute to its emotional well-being. Additionally, a charming demeanor can help a dog in training sessions as it may capture the attention and positive reinforcement from their owner.","[{'rating': '5 - Very Likely'}, {'rating': '3 - Plausible'}, {'rating': '3 - Plausible'}, {'rating': '2 - Technically Possible'}, {'rating': '5 - Very Likely'}]","[{'feedback': 'I am assuming from the explanation it might be beneficial to. Dog...'}, {'feedback': 'Most dogs do use their"" charms"" as if they know what they are doing. '}]","{'mean': 4.8, 'variance': 0.19999999999999998, 'std_dev': 0.4472135954999579, 'median': 5}","{'mean': 3.6, 'variance': 1.8, 'std_dev': 1.3416407864998738, 'median': 3}","[{'rating': '3 - Plausible'}, {'rating': '4 - Likely'}, {'rating': '5 - Very Likely'}, {'rating': '5 - Very Likely'}, {'rating': '5 - Very Likely'}]","{'mean': 4.4, 'variance': 0.8, 'std_dev': 0.8944271909999159, 'median': 5}","[{'rating': '1 - Impossible'}, {'rating': '1 - Impossible'}, {'rating': '3 - Plausible'}, {'rating': '2 - Technically Possible'}, {'rating': '1 - Impossible'}]","{'mean': 1.6, 'variance': 0.7999999999999999, 'std_dev': 0.8944271909999159, 'median': 1}"
"I took my seat, the curtains drew back and I enjoyed the what?",show,"The choice ""show"" is plausible because when attending a performance with curtains, such as at a theater or a concert, audiences typically expect to enjoy the ""show"" that unfolds after the curtains are drawn back.","[{'rating': '3 - Plausible'}, {'rating': '5 - Very Likely'}, {'rating': '5 - Very Likely'}, {'rating': '4 - Likely'}, {'rating': '4 - Likely'}]",[{'feedback': 'A curtain drawing back almost always connects to a show. It could also be something like an awards ceremony or speech but that is not something you would usually enjoy. '}],movie,"The mention of ""curtains drew back"" is commonly associated with the start of a film in a theater setting, making ""movie"" a plausible choice as to what was enjoyed. Additionally, sitting down right before an experience occurs supports the idea of a movie theater viewing.","[{'rating': '4 - Likely'}, {'rating': '4 - Likely'}, {'rating': '4 - Likely'}, {'rating': '3 - Plausible'}, {'rating': '5 - Very Likely'}]",[{'feedback': 'VERY NICE MUCH BETTER'}],"{'mean': 4.2, 'variance': 0.7, 'std_dev': 0.8366600265340756, 'median': 4}","{'mean': 4, 'variance': 0.5, 'std_dev': 0.7071067811865476, 'median': 4}","[{'rating': '5 - Very Likely'}, {'rating': '5 - Very Likely'}, {'rating': '5 - Very Likely'}, {'rating': '5 - Very Likely'}, {'rating': '4 - Likely'}]","{'mean': 4.8, 'variance': 0.19999999999999998, 'std_dev': 0.4472135954999579, 'median': 5}","[{'rating': '5 - Very Likely'}, {'rating': '2 - Technically Possible'}, {'rating': '5 - Very Likely'}, {'rating': '4 - Likely'}, {'rating': '3 - Plausible'}]","{'mean': 3.8, 'variance': 1.7, 'std_dev': 1.3038404810405297, 'median': 4}"
What do children require to grow up healthy?,need care,"Care is essential for children's growth and development because it ensures they receive proper nutrition, emotional support, and guidance, fostering both physical and mental well-being. A nurturing environment helps build trust and security, which are crucial for healthy development.","[{'rating': '4 - Likely'}, {'rating': '5 - Very Likely'}, {'rating': '5 - Very Likely'}, {'rating': '5 - Very Likely'}, {'rating': '4 - Likely'}]","[{'feedback': 'The word ""need"" isn\'t necessary in the answer, but it is acceptable. It reminds me of a ""Family Feud"" answer, one that is spoken quickly. The rationale is great, especially since humans are totally dependent upon their parents for years, and lack of care can have long term effects.'}]",fast food,"Fast food can provide essential calories and energy that children need for physical activity and growth, especially when moderate amounts are incorporated into an otherwise balanced diet. Additionally, fast food often includes proteins, carbohydrates, and fats, which are vital macronutrients necessary for healthy development.","[{'rating': '2 - Technically Possible'}, {'rating': '5 - Very Likely'}, {'rating': '4 - Likely'}, {'rating': '2 - Technically Possible'}, {'rating': '2 - Technically Possible'}]",[{'feedback': 'True plus glucose'}],"{'mean': 4.6, 'variance': 0.3, 'std_dev': 0.5477225575051661, 'median': 5}","{'mean': 3, 'variance': 2, 'std_dev': 1.4142135623730951, 'median': 2}","[{'rating': '5 - Very Likely'}, {'rating': '4 - Likely'}, {'rating': '5 - Very Likely'}, {'rating': '3 - Plausible'}, {'rating': '4 - Likely'}]","{'mean': 4.2, 'variance': 0.7, 'std_dev': 0.8366600265340756, 'median': 4}","[{'rating': '2 - Technically Possible'}, {'rating': '2 - Technically Possible'}, {'rating': '2 - Technically Possible'}, {'rating': '2 - Technically Possible'}, {'rating': '2 - Technically Possible'}]","{'mean': 2, 'variance': 0, 'std_dev': 0.0, 'median': 2}"
Where can many stores with clothing be found?,mall,"Many stores with clothing can be found in a mall because malls are commercial complexes that typically house a variety of retailers, including numerous clothing outlets, offering consumers a convenient one-stop location for shopping different brands and styles.","[{'rating': '4 - Likely'}, {'rating': '5 - Very Likely'}, {'rating': '5 - Very Likely'}, {'rating': '5 - Very Likely'}, {'rating': '4 - Likely'}]",[],library,"Libraries sometimes host events or pop-up shops where local vendors, including those selling clothing, can showcase their items to the public. These temporary marketplaces within a library could offer community members access to a variety of clothing options.","[{'rating': '2 - Technically Possible'}, {'rating': '1 - Impossible'}, {'rating': '1 - Impossible'}, {'rating': '1 - Impossible'}, {'rating': '2 - Technically Possible'}]",[],"{'mean': 4.6, 'variance': 0.3, 'std_dev': 0.5477225575051661, 'median': 5}","{'mean': 1.4, 'variance': 0.3, 'std_dev': 0.5477225575051661, 'median': 1}","[{'rating': '5 - Very Likely'}, {'rating': '5 - Very Likely'}, {'rating': '4 - Likely'}, {'rating': '5 - Very Likely'}, {'rating': '5 - Very Likely'}]","{'mean': 4.8, 'variance': 0.19999999999999998, 'std_dev': 0.4472135954999579, 'median': 5}","[{'rating': '1 - Impossible'}, {'rating': '1 - Impossible'}, {'rating': '1 - Impossible'}, {'rating': '1 - Impossible'}, {'rating': '1 - Impossible'}]","{'mean': 1, 'variance': 0, 'std_dev': 0.0, 'median': 1}"
What would you do to a rock when climb up a cliff?,grab,"Grabbing a rock is a plausible choice when climbing up a cliff, as it provides a secure handhold that aids in maintaining balance and support during the ascent. This action is essential for ensuring safety and stability while climbing.","[{'rating': '4 - Likely'}, {'rating': '5 - Very Likely'}, {'rating': '2 - Technically Possible'}, {'rating': '4 - Likely'}, {'rating': '5 - Very Likely'}]","[{'feedback': 'nice'}, {'feedback': 'One can use a rock as a hold to pull themselves up when climbing the cliff.'}]",may fall,"The phrase ""may fall"" could plausibly refer to the action one would want to avoid when climbing a cliff, highlighting the danger of loose rocks that might dislodge during the climb. Climbers often must check for unstable rocks to ensure they do not cause falls, emphasizing the importance of identifying rocks that ""may fall"" to maintain safety.","[{'rating': '3 - Plausible'}, {'rating': '3 - Plausible'}, {'rating': '3 - Plausible'}, {'rating': '2 - Technically Possible'}, {'rating': '4 - Likely'}]",[{'feedback': 'It seems plausible one might fall while climbing rocks .'}],"{'mean': 4, 'variance': 1.5, 'std_dev': 1.224744871391589, 'median': 4}","{'mean': 3, 'variance': 0.5, 'std_dev': 0.7071067811865476, 'median': 3}","[{'rating': '5 - Very Likely'}, {'rating': '4 - Likely'}, {'rating': '5 - Very Likely'}, {'rating': '5 - Very Likely'}, {'rating': '5 - Very Likely'}]","{'mean': 4.8, 'variance': 0.19999999999999998, 'std_dev': 0.4472135954999579, 'median': 5}","[{'rating': '1 - Impossible'}, {'rating': '3 - Plausible'}, {'rating': '2 - Technically Possible'}, {'rating': '4 - Likely'}, {'rating': '3 - Plausible'}]","{'mean': 2.6, 'variance': 1.3, 'std_dev': 1.140175425099138, 'median': 3}"
What could go to a tennis court?,athletic club,"An athletic club could go to a tennis court to organize matches, offer lessons, or provide facilities for their members to practice and play tennis, making it a plausible choice for frequenting a tennis venue.","[{'rating': '4 - Likely'}, {'rating': '5 - Very Likely'}, {'rating': '4 - Likely'}, {'rating': '3 - Plausible'}, {'rating': '2 - Technically Possible'}]","[{'feedback': 'The question is kind of weird but I get the vibe'}, {'feedback': 'An athletic club is pretty generic, so they could go just about anywhere - not just a tennis court. Plus most athletic clubs are soccer or football. '}]",recreational center,"A recreational center could go to a tennis court because it may organize community sports events or tennis lessons, using the court as a venue to promote health and fitness activities for its members. Additionally, the center might partner with the tennis court for collaborative programs and competitions.","[{'rating': '4 - Likely'}, {'rating': '4 - Likely'}, {'rating': '2 - Technically Possible'}, {'rating': '4 - Likely'}, {'rating': '1 - Impossible'}]",[{'feedback': 'I LIKE SO MUCH'}],"{'mean': 3.6, 'variance': 1.3, 'std_dev': 1.140175425099138, 'median': 4}","{'mean': 3, 'variance': 2, 'std_dev': 1.4142135623730951, 'median': 4}","[{'rating': '5 - Very Likely'}, {'rating': '5 - Very Likely'}, {'rating': '1 - Impossible'}, {'rating': '4 - Likely'}, {'rating': '2 - Technically Possible'}]","{'mean': 3.4, 'variance': 3.3000000000000003, 'std_dev': 1.8165902124584952, 'median': 4}","[{'rating': '5 - Very Likely'}, {'rating': '4 - Likely'}, {'rating': '4 - Likely'}, {'rating': '1 - Impossible'}, {'rating': '1 - Impossible'}]","{'mean': 3, 'variance': 3.5, 'std_dev': 1.8708286933869707, 'median': 4}"
Where might a mouse be found to make it country?,old barn,An old barn is a plausible location to find a mouse in the countryside because barns are typically situated in rural areas where mice find abundant opportunities for shelter and access to food sources like stored grain. The rustic and less disturbed environment of an old barn provides an ideal habitat for mice in a country setting.,"[{'rating': '3 - Plausible'}, {'rating': '2 - Technically Possible'}, {'rating': '4 - Likely'}, {'rating': '3 - Plausible'}, {'rating': '2 - Technically Possible'}]","[{'feedback': 'The grammar of this does not make any sense. I assume you mean ""Where can a mouse be found in the country?"" '}]",research laboratory,"A mouse might be found in a research laboratory since it could be participating in a study focused on agricultural advancements or rural health initiatives, which are critical aspects of country development. Additionally, research laboratories often conduct experiments on crops and livestock health, both essential components of rural and country settings.","[{'rating': '4 - Likely'}, {'rating': '1 - Impossible'}, {'rating': '2 - Technically Possible'}, {'rating': '3 - Plausible'}, {'rating': '4 - Likely'}]",[],"{'mean': 2.8, 'variance': 0.7, 'std_dev': 0.8366600265340756, 'median': 3}","{'mean': 2.8, 'variance': 1.7, 'std_dev': 1.3038404810405297, 'median': 3}","[{'rating': '5 - Very Likely'}, {'rating': '5 - Very Likely'}, {'rating': '5 - Very Likely'}, {'rating': '3 - Plausible'}, {'rating': '3 - Plausible'}]","{'mean': 4.2, 'variance': 1.2, 'std_dev': 1.0954451150103321, 'median': 5}","[{'rating': '3 - Plausible'}, {'rating': '2 - Technically Possible'}, {'rating': '1 - Impossible'}, {'rating': '1 - Impossible'}, {'rating': '1 - Impossible'}]","{'mean': 1.6, 'variance': 0.7999999999999999, 'std_dev': 0.8944271909999159, 'median': 1}"
"Billy lived in the capital of his country, then he moved.  Where might he move to?",small town,"Billy might move to a small town to experience a quieter, more relaxed lifestyle away from the hustle and bustle of the capital, allowing him to enjoy a closer-knit community and potentially lower living costs.","[{'rating': '3 - Plausible'}, {'rating': '4 - Likely'}, {'rating': '3 - Plausible'}, {'rating': '2 - Technically Possible'}, {'rating': '3 - Plausible'}]","[{'feedback': ""It's a possibility and not unreasonable to think he wanted to move away from the bustle and the expense of the big city, but he could have also enjoyed it and just moved to a larger city or another country. There is too many possibilities. ""}]",jail,"Billy might have moved to jail if he was involved in a legal issue that led to his arrest and sentencing, necessitating a move from his residence in the capital to a correctional facility. Additionally, moving to jail could be seen as a form of relocation under certain circumstances where his living situation drastically changed.","[{'rating': '4 - Likely'}, {'rating': '2 - Technically Possible'}, {'rating': '3 - Plausible'}, {'rating': '2 - Technically Possible'}, {'rating': '1 - Impossible'}]",[{'feedback': 'VERY NICE'}],"{'mean': 3, 'variance': 0.5, 'std_dev': 0.7071067811865476, 'median': 3}","{'mean': 2.4, 'variance': 1.3, 'std_dev': 1.140175425099138, 'median': 2}","[{'rating': '5 - Very Likely'}, {'rating': '3 - Plausible'}, {'rating': '5 - Very Likely'}, {'rating': '3 - Plausible'}, {'rating': '5 - Very Likely'}]","{'mean': 4.2, 'variance': 1.2, 'std_dev': 1.0954451150103321, 'median': 5}","[{'rating': '2 - Technically Possible'}, {'rating': '2 - Technically Possible'}, {'rating': '2 - Technically Possible'}, {'rating': '2 - Technically Possible'}, {'rating': '2 - Technically Possible'}]","{'mean': 2, 'variance': 0, 'std_dev': 0.0, 'median': 2}"
What do you go to see for live entertainment?,show,"A ""show"" is a broad term that encompasses various forms of live entertainment, including theatre performances, concerts, and comedy acts, making it a plausible answer for what you might go to see. Additionally, the versatility of the term ""show"" allows it to appeal to a wide audience with diverse entertainment preferences.","[{'rating': '3 - Plausible'}, {'rating': '4 - Likely'}, {'rating': '3 - Plausible'}, {'rating': '3 - Plausible'}, {'rating': '4 - Likely'}]","[{'feedback': 'While a show is a possibility, a live event could also mean a variety of other things like boxing, football, UFC, etc. Those are not called shows. A show is one of several options. '}]",theatre,"Theatre is a classic form of live entertainment that features a variety of performances, including plays, musicals, and operas, offering a unique and immersive experience. It is a popular destination for those looking to enjoy the artistry of live acting, storytelling, and music in real-time.","[{'rating': '4 - Likely'}, {'rating': '4 - Likely'}, {'rating': '5 - Very Likely'}, {'rating': '4 - Likely'}, {'rating': '4 - Likely'}]",[{'feedback': 'VERY NICE'}],"{'mean': 3.4, 'variance': 0.3, 'std_dev': 0.5477225575051661, 'median': 3}","{'mean': 4.2, 'variance': 0.19999999999999998, 'std_dev': 0.4472135954999579, 'median': 4}","[{'rating': '5 - Very Likely'}, {'rating': '5 - Very Likely'}, {'rating': '5 - Very Likely'}, {'rating': '5 - Very Likely'}, {'rating': '5 - Very Likely'}]","{'mean': 5, 'variance': 0, 'std_dev': 0.0, 'median': 5}","[{'rating': '5 - Very Likely'}, {'rating': '4 - Likely'}, {'rating': '5 - Very Likely'}, {'rating': '5 - Very Likely'}, {'rating': '5 - Very Likely'}]","{'mean': 4.8, 'variance': 0.19999999999999998, 'std_dev': 0.4472135954999579, 'median': 5}"
What do people do when networking?,build trust,"Building trust is a fundamental aspect of networking as it establishes a foundation for authentic relationships, facilitating open communication and collaboration. By fostering trust, individuals are more likely to share valuable information and opportunities, thereby enhancing the effectiveness of their networking efforts.","[{'rating': '4 - Likely'}, {'rating': '4 - Likely'}, {'rating': '4 - Likely'}, {'rating': '4 - Likely'}, {'rating': '3 - Plausible'}]","[{'feedback': 'This is part of it, but networking is more of an act of introduction. The real work of building trust comes after the initial networking. Trust building is more an activity on its own. '}]",believe in god,"When networking, people often engage in meaningful conversations that can involve discussing shared values or beliefs, including faith, as a way to build trust and find common ground with others. Additionally, believing in a higher power might provide individuals with confidence and positivity that enhance their networking interactions.","[{'rating': '4 - Likely'}, {'rating': '1 - Impossible'}, {'rating': '3 - Plausible'}, {'rating': '2 - Technically Possible'}, {'rating': '1 - Impossible'}]",[{'feedback': 'VERY NICE AND I LIKE SO MUCH'}],"{'mean': 3.8, 'variance': 0.19999999999999998, 'std_dev': 0.4472135954999579, 'median': 4}","{'mean': 2.2, 'variance': 1.7, 'std_dev': 1.3038404810405297, 'median': 2}","[{'rating': '5 - Very Likely'}, {'rating': '4 - Likely'}, {'rating': '5 - Very Likely'}, {'rating': '4 - Likely'}, {'rating': '3 - Plausible'}]","{'mean': 4.2, 'variance': 0.7, 'std_dev': 0.8366600265340756, 'median': 4}","[{'rating': '2 - Technically Possible'}, {'rating': '2 - Technically Possible'}, {'rating': '2 - Technically Possible'}, {'rating': '2 - Technically Possible'}, {'rating': '2 - Technically Possible'}]","{'mean': 2, 'variance': 0, 'std_dev': 0.0, 'median': 2}"
How are the conditions for someone who is living in a homeless shelter?,sometimes bad,"The conditions for someone living in a homeless shelter can fluctuate due to factors such as overcrowding, limited resources, or external weather conditions, leading to sometimes bad experiences. Additionally, varying management practices and differences in facilities can contribute to inconsistent living conditions.","[{'rating': '3 - Plausible'}, {'rating': '4 - Likely'}, {'rating': '4 - Likely'}, {'rating': '4 - Likely'}, {'rating': '4 - Likely'}]","[{'feedback': 'nice'}, {'feedback': 'While a homeless shelter can help people access basic amenities, overcrowding and limited resources can make the conditions sometimes bad.'}]",respiration,"Respiration is a fundamental physiological process necessary for survival, and focusing on it highlights the critical importance of maintaining basic health and well-being, which is a primary concern for individuals living in a homeless shelter. Considering challenges like crowded conditions and potential health risks, ensuring proper respiration could be an indicator of the shelter's capacity to provide a safe living environment.","[{'rating': '2 - Technically Possible'}, {'rating': '2 - Technically Possible'}, {'rating': '1 - Impossible'}, {'rating': '2 - Technically Possible'}, {'rating': '3 - Plausible'}]",[{'feedback': 'It seems technically possible from the explanation given..'}],"{'mean': 3.8, 'variance': 0.19999999999999998, 'std_dev': 0.4472135954999579, 'median': 4}","{'mean': 2, 'variance': 0.5, 'std_dev': 0.7071067811865476, 'median': 2}","[{'rating': '5 - Very Likely'}, {'rating': '4 - Likely'}, {'rating': '5 - Very Likely'}, {'rating': '5 - Very Likely'}, {'rating': '3 - Plausible'}]","{'mean': 4.4, 'variance': 0.8, 'std_dev': 0.8944271909999159, 'median': 5}","[{'rating': '3 - Plausible'}, {'rating': '1 - Impossible'}, {'rating': '1 - Impossible'}, {'rating': '1 - Impossible'}, {'rating': '1 - Impossible'}]","{'mean': 1.4, 'variance': 0.8, 'std_dev': 0.8944271909999159, 'median': 1}"
What would you need if you want to smoke?,cigarette,"Cigarettes are a common and traditional method for smoking, as they are specifically designed with tobacco rolled in paper and are readily available for consumption. Therefore, a cigarette would be a necessary item if one intends to smoke in a typical manner.","[{'rating': '3 - Plausible'}, {'rating': '3 - Plausible'}, {'rating': '3 - Plausible'}, {'rating': '4 - Likely'}, {'rating': '2 - Technically Possible'}]","[{'feedback': 'Other answers could be a pipe, tobacco, a lighter.'}]",lighter fluid.,"Lighter fluid is a plausible choice because it is used to fill and maintain the flame of a lighter, which is necessary for lighting a cigarette or other smoking devices. Without sufficient lighter fluid, a lighter cannot produce a flame, making it difficult to smoke.","[{'rating': '2 - Technically Possible'}, {'rating': '2 - Technically Possible'}, {'rating': '2 - Technically Possible'}, {'rating': '3 - Plausible'}, {'rating': '2 - Technically Possible'}]",[],"{'mean': 3, 'variance': 0.5, 'std_dev': 0.7071067811865476, 'median': 3}","{'mean': 2.2, 'variance': 0.19999999999999998, 'std_dev': 0.4472135954999579, 'median': 2}","[{'rating': '5 - Very Likely'}, {'rating': '5 - Very Likely'}, {'rating': '5 - Very Likely'}, {'rating': '4 - Likely'}, {'rating': '5 - Very Likely'}]","{'mean': 4.8, 'variance': 0.19999999999999998, 'std_dev': 0.4472135954999579, 'median': 5}","[{'rating': '5 - Very Likely'}, {'rating': '3 - Plausible'}, {'rating': '5 - Very Likely'}, {'rating': '2 - Technically Possible'}, {'rating': '5 - Very Likely'}]","{'mean': 4, 'variance': 2, 'std_dev': 1.4142135623730951, 'median': 5}"
"The teacher knew her students understood division, what was she hoping they would learn next?",multiplication,"Multiplication is the inverse operation of division, so understanding division would naturally pave the way for students to explore and learn multiplication as the next logical mathematical concept.","[{'rating': '4 - Likely'}, {'rating': '3 - Plausible'}, {'rating': '4 - Likely'}, {'rating': '2 - Technically Possible'}, {'rating': '2 - Technically Possible'}]","[{'feedback': 'Usually multiplication and division are taught at the same time - however, it is generally multiplication that is taught first because it easier to understand. '}]",pay debts,"Understanding division lays a foundational skill for concepts like paying debts, as it involves dividing resources or money and planning repayments over time. Therefore, the teacher might hope students apply their division knowledge practically to handle and pay off debts responsibly.","[{'rating': '4 - Likely'}, {'rating': '1 - Impossible'}, {'rating': '2 - Technically Possible'}, {'rating': '2 - Technically Possible'}, {'rating': '1 - Impossible'}]","[{'feedback': 'VERY NICE'}, {'feedback': 'instinctively the answer should be multiplication'}]","{'mean': 3, 'variance': 1, 'std_dev': 1.0, 'median': 3}","{'mean': 2, 'variance': 1.5, 'std_dev': 1.224744871391589, 'median': 2}","[{'rating': '5 - Very Likely'}, {'rating': '5 - Very Likely'}, {'rating': '4 - Likely'}, {'rating': '2 - Technically Possible'}, {'rating': '5 - Very Likely'}]","{'mean': 4.2, 'variance': 1.7, 'std_dev': 1.3038404810405297, 'median': 5}","[{'rating': '2 - Technically Possible'}, {'rating': '2 - Technically Possible'}, {'rating': '2 - Technically Possible'}, {'rating': '2 - Technically Possible'}, {'rating': '1 - Impossible'}]","{'mean': 1.8, 'variance': 0.2, 'std_dev': 0.4472135954999579, 'median': 2}"
What do you do when you're in a new place and want to see new things?,look around,"Looking around is a plausible choice because it allows you to visually explore your surroundings, helping you notice interesting landmarks, attractions, or activities that you might want to further investigate or visit. This immediate and spontaneous action requires no prior planning and can lead to unexpected discoveries and a more authentic experience of the new place.","[{'rating': '4 - Likely'}, {'rating': '5 - Very Likely'}, {'rating': '5 - Very Likely'}, {'rating': '5 - Very Likely'}, {'rating': '4 - Likely'}]",[],interesting,"Describing a location as ""interesting"" suggests that it offers unique attractions or activities to explore, which aligns perfectly with the desire to see new things, as it implies engaging with unfamiliar and captivating experiences in a new place. Thus, seeking out what makes an area interesting is a plausible approach to discovering novel sights and activities.","[{'rating': '5 - Very Likely'}, {'rating': '1 - Impossible'}, {'rating': '2 - Technically Possible'}, {'rating': '1 - Impossible'}, {'rating': '5 - Very Likely'}]",[{'feedback': 'The answer is incomplete'}],"{'mean': 4.6, 'variance': 0.3, 'std_dev': 0.5477225575051661, 'median': 5}","{'mean': 2.8, 'variance': 4.2, 'std_dev': 2.04939015319192, 'median': 2}","[{'rating': '5 - Very Likely'}, {'rating': '5 - Very Likely'}, {'rating': '5 - Very Likely'}, {'rating': '5 - Very Likely'}, {'rating': '4 - Likely'}]","{'mean': 4.8, 'variance': 0.19999999999999998, 'std_dev': 0.4472135954999579, 'median': 5}","[{'rating': '1 - Impossible'}, {'rating': '1 - Impossible'}, {'rating': '1 - Impossible'}, {'rating': '1 - Impossible'}, {'rating': '1 - Impossible'}]","{'mean': 1, 'variance': 0, 'std_dev': 0.0, 'median': 1}"
When going to sleep what happens to your body?,relaxation,"When going to sleep, the body enters a state of relaxation as the muscles loosen, the heart rate slows, and the mind begins to unwind, all of which are natural preparations for restorative rest. This state of relaxation is essential for transitioning into the various stages of sleep, allowing the body to recover and regenerate effectively.","[{'rating': '4 - Likely'}, {'rating': '5 - Very Likely'}, {'rating': '5 - Very Likely'}, {'rating': '5 - Very Likely'}, {'rating': '4 - Likely'}]","[{'feedback': 'I agree with this, but the only caveat is nightmares. Someone with persistent night terrors is very tense. '}]",dreams,"Dreams are a common experience during sleep and represent a collection of images, ideas, emotions, and sensations that occur involuntarily in the mind during certain stages of the sleep cycle, particularly REM (Rapid Eye Movement) sleep. Therefore, experiencing dreams is a plausible answer as it is a natural and well-documented occurrence when the body goes to sleep.","[{'rating': '4 - Likely'}, {'rating': '5 - Very Likely'}, {'rating': '5 - Very Likely'}, {'rating': '4 - Likely'}, {'rating': '3 - Plausible'}]",[{'feedback': 'I LIKE SO MUCH'}],"{'mean': 4.6, 'variance': 0.3, 'std_dev': 0.5477225575051661, 'median': 5}","{'mean': 4.2, 'variance': 0.7, 'std_dev': 0.8366600265340756, 'median': 4}","[{'rating': '5 - Very Likely'}, {'rating': '5 - Very Likely'}, {'rating': '4 - Likely'}, {'rating': '4 - Likely'}, {'rating': '5 - Very Likely'}]","{'mean': 4.6, 'variance': 0.3, 'std_dev': 0.5477225575051661, 'median': 5}","[{'rating': '5 - Very Likely'}, {'rating': '4 - Likely'}, {'rating': '4 - Likely'}, {'rating': '5 - Very Likely'}, {'rating': '4 - Likely'}]","{'mean': 4.4, 'variance': 0.3, 'std_dev': 0.5477225575051661, 'median': 4}"
A person would join a trade school for finding information related to what?,gaining knowledge,"Joining a trade school provides specialized instruction and hands-on experience, thereby allowing a person to gain knowledge and skills specific to a particular trade or industry. Such educational settings are designed to impart practical, applicable knowledge that can be directly used in the workforce.","[{'rating': '4 - Likely'}, {'rating': '4 - Likely'}, {'rating': '5 - Very Likely'}, {'rating': '2 - Technically Possible'}, {'rating': '3 - Plausible'}]","[{'feedback': 'Strictly speaking, a person who wants to find information related to gaining knowledge would be better off in a library or a philosophy class.'}]",degree,"A trade school equips individuals with specific vocational skills and practical knowledge, which can lead to earning a degree or certification that validates their expertise in a chosen field. Thus, joining a trade school could be considered a step towards obtaining a degree that signifies specialized training and competency.","[{'rating': '1 - Impossible'}, {'rating': '2 - Technically Possible'}, {'rating': '4 - Likely'}, {'rating': '5 - Very Likely'}, {'rating': '5 - Very Likely'}]",[],"{'mean': 3.6, 'variance': 1.3, 'std_dev': 1.140175425099138, 'median': 4}","{'mean': 3.4, 'variance': 3.3000000000000003, 'std_dev': 1.8165902124584952, 'median': 4}","[{'rating': '5 - Very Likely'}, {'rating': '4 - Likely'}, {'rating': '4 - Likely'}, {'rating': '4 - Likely'}, {'rating': '2 - Technically Possible'}]","{'mean': 3.8, 'variance': 1.2, 'std_dev': 1.0954451150103321, 'median': 4}","[{'rating': '4 - Likely'}, {'rating': '3 - Plausible'}, {'rating': '5 - Very Likely'}, {'rating': '1 - Impossible'}, {'rating': '5 - Very Likely'}]","{'mean': 3.6, 'variance': 2.8, 'std_dev': 1.6733200530681511, 'median': 4}"
"Setting up framing, truss and beam are some of the first steps in what?",new construction,"Setting up framing, trusses, and beams are fundamental parts of the structural development process, making them crucial initial steps in new construction to provide support and shape to the building. These components form the skeleton of a structure, defining the layout and space for subsequent construction activities.","[{'rating': '4 - Likely'}, {'rating': '4 - Likely'}, {'rating': '5 - Very Likely'}, {'rating': '5 - Very Likely'}, {'rating': '4 - Likely'}]","[{'feedback': 'You would only set up these items when you are building something new structures, so this is realistic. '}]",ceiling,"Setting up framing, truss, and beam are essential first steps in constructing a ceiling, as they provide the structural support needed to carry the weight of the finished ceiling materials. These elements create the framework that ensures stability and durability for the ceiling structure above.","[{'rating': '4 - Likely'}, {'rating': '2 - Technically Possible'}, {'rating': '4 - Likely'}, {'rating': '5 - Very Likely'}, {'rating': '5 - Very Likely'}]",[{'feedback': 'I LIKE SO MUCH'}],"{'mean': 4.4, 'variance': 0.3, 'std_dev': 0.5477225575051661, 'median': 4}","{'mean': 4, 'variance': 1.5, 'std_dev': 1.224744871391589, 'median': 4}","[{'rating': '5 - Very Likely'}, {'rating': '5 - Very Likely'}, {'rating': '5 - Very Likely'}, {'rating': '5 - Very Likely'}, {'rating': '5 - Very Likely'}]","{'mean': 5, 'variance': 0, 'std_dev': 0.0, 'median': 5}","[{'rating': '3 - Plausible'}, {'rating': '3 - Plausible'}, {'rating': '5 - Very Likely'}, {'rating': '5 - Very Likely'}, {'rating': '3 - Plausible'}]","{'mean': 3.8, 'variance': 1.2, 'std_dev': 1.0954451150103321, 'median': 3}"
Where is the large area location of the empire state building?,new york city,"The Empire State Building is a historic landmark located in Midtown Manhattan, which is a major neighborhood in New York City, making ""new york city"" a highly plausible choice for its large area location.","[{'rating': '5 - Very Likely'}, {'rating': '5 - Very Likely'}, {'rating': '5 - Very Likely'}, {'rating': '5 - Very Likely'}, {'rating': '3 - Plausible'}]",[],fifth avenue,"The Empire State Building is located on Fifth Avenue in New York City, making it plausible to refer to Fifth Avenue as its large area location due to its major prominence and the building's close proximity to this well-known avenue. Thus, identifying Fifth Avenue as the large area location highlights the Empire State Building's iconic presence in this central and easily recognizable part of Manhattan.","[{'rating': '4 - Likely'}, {'rating': '5 - Very Likely'}, {'rating': '1 - Impossible'}, {'rating': '5 - Very Likely'}, {'rating': '4 - Likely'}]",[],"{'mean': 4.6, 'variance': 0.7999999999999999, 'std_dev': 0.8944271909999159, 'median': 5}","{'mean': 3.8, 'variance': 2.7, 'std_dev': 1.6431676725154984, 'median': 4}","[{'rating': '5 - Very Likely'}, {'rating': '5 - Very Likely'}, {'rating': '5 - Very Likely'}, {'rating': '5 - Very Likely'}, {'rating': '5 - Very Likely'}]","{'mean': 5, 'variance': 0, 'std_dev': 0.0, 'median': 5}","[{'rating': '3 - Plausible'}, {'rating': '4 - Likely'}, {'rating': '3 - Plausible'}, {'rating': '4 - Likely'}, {'rating': '1 - Impossible'}]","{'mean': 3, 'variance': 1.5, 'std_dev': 1.224744871391589, 'median': 3}"
"If a car-less person want to listen to talk radio in private, where might they listen to it?",bedroom,"A bedroom is a private space where a car-less person can use a radio, smartphone, or other devices to tune into talk radio without external disturbances, ensuring an undisturbed listening experience. Additionally, bedrooms are typically associated with comfort and quiet, reinforcing the ability to focus on the content.","[{'rating': '4 - Likely'}, {'rating': '5 - Very Likely'}, {'rating': '5 - Very Likely'}, {'rating': '5 - Very Likely'}, {'rating': '4 - Likely'}]",[{'feedback': 'a bed room is the peaceful place'}],diner,"A diner is a plausible choice because it often has individual booths where a person can sit with headphones and listen to talk radio on their personal device or use a portable radio without disturbing others. Additionally, the ambient noise and social environment of a diner can provide enough background noise for privacy while listening.","[{'rating': '2 - Technically Possible'}, {'rating': '3 - Plausible'}, {'rating': '3 - Plausible'}, {'rating': '3 - Plausible'}, {'rating': '3 - Plausible'}]",[{'feedback': 'Agree'}],"{'mean': 4.6, 'variance': 0.3, 'std_dev': 0.5477225575051661, 'median': 5}","{'mean': 2.8, 'variance': 0.19999999999999998, 'std_dev': 0.4472135954999579, 'median': 3}","[{'rating': '4 - Likely'}, {'rating': '2 - Technically Possible'}, {'rating': '4 - Likely'}, {'rating': '3 - Plausible'}, {'rating': '5 - Very Likely'}]","{'mean': 3.6, 'variance': 1.3, 'std_dev': 1.140175425099138, 'median': 4}","[{'rating': '2 - Technically Possible'}, {'rating': '1 - Impossible'}, {'rating': '1 - Impossible'}, {'rating': '1 - Impossible'}, {'rating': '2 - Technically Possible'}]","{'mean': 1.4, 'variance': 0.3, 'std_dev': 0.5477225575051661, 'median': 1}"
What kind of food makes someone sick?,unhealthy,"Unhealthy food often contains high levels of sugar, fats, and additives, which are known to disrupt bodily functions and potentially weaken the immune system, making a person more susceptible to illness. Consuming unhealthy food can lead to gastrointestinal distress and increase the risk of long-term health issues, contributing to feeling unwell.","[{'rating': '5 - Very Likely'}, {'rating': '2 - Technically Possible'}, {'rating': '3 - Plausible'}, {'rating': '4 - Likely'}, {'rating': '4 - Likely'}]","[{'feedback': 'This answer is interesting because generally we think of unhealthy food as making someone sick only after a long period of consumption, and/or large amounts. However the answer is logical. An answer of ""spoiled"" food would be more common. '}]",necessary to live,"The phrase ""necessary to live"" refers to essential nutrients and foods, like water, proteins, or carbohydrates, which can sometimes make someone sick if consumed in excess or if the individual has an allergy or intolerance to them. For instance, drinking too much water can lead to water intoxication, and some people can have allergic reactions to proteins that are usually necessary for survival, such as those found in nuts or seafood.","[{'rating': '2 - Technically Possible'}, {'rating': '4 - Likely'}, {'rating': '1 - Impossible'}, {'rating': '1 - Impossible'}, {'rating': '1 - Impossible'}]",[],"{'mean': 3.6, 'variance': 1.3, 'std_dev': 1.140175425099138, 'median': 4}","{'mean': 1.8, 'variance': 1.7000000000000002, 'std_dev': 1.3038404810405297, 'median': 1}","[{'rating': '3 - Plausible'}, {'rating': '3 - Plausible'}, {'rating': '2 - Technically Possible'}, {'rating': '4 - Likely'}, {'rating': '3 - Plausible'}]","{'mean': 3, 'variance': 0.5, 'std_dev': 0.7071067811865476, 'median': 3}","[{'rating': '1 - Impossible'}, {'rating': '4 - Likely'}, {'rating': '1 - Impossible'}, {'rating': '1 - Impossible'}, {'rating': '1 - Impossible'}]","{'mean': 1.6, 'variance': 1.8, 'std_dev': 1.3416407864998738, 'median': 1}"
"The man  tried to break the glass in order to make his escape in time, but he could not.  The person in the cat, trying to kill him, did what?",accelerate,"Accelerating the car would increase the momentum and force, potentially using the vehicle to break through barriers and reach the man more quickly, eliminating his chances of escape. This action suggests an urgency and aggression aligned with the intent to kill.","[{'rating': '3 - Plausible'}, {'rating': '2 - Technically Possible'}, {'rating': '4 - Likely'}, {'rating': '5 - Very Likely'}, {'rating': '2 - Technically Possible'}]","[{'feedback': 'I am assuming by cat you mean car.'}, {'feedback': 'I asume that ""cat"" is supposed to be ""car"" from the contextual cues of the rest of the information.'}, {'feedback': 'This says ""The person in the cat"". I\'m assuming you mean ""car"" when I make my answer.'}]",train,"The person in the cat was using the strategy of ""trailing"" their target to ensure the man stayed trapped and did not have enough time or focus to successfully break the glass and escape. By meticulously observing and following the man's every move, the person was capable of intervening before the man could find success.","[{'rating': '1 - Impossible'}, {'rating': '1 - Impossible'}, {'rating': '1 - Impossible'}, {'rating': '3 - Plausible'}, {'rating': '1 - Impossible'}]","[{'feedback': ""I don't get the question""}]","{'mean': 3.2, 'variance': 1.7, 'std_dev': 1.3038404810405297, 'median': 3}","{'mean': 1.4, 'variance': 0.8, 'std_dev': 0.8944271909999159, 'median': 1}","[{'rating': '2 - Technically Possible'}, {'rating': '1 - Impossible'}, {'rating': '2 - Technically Possible'}, {'rating': '5 - Very Likely'}, {'rating': '3 - Plausible'}]","{'mean': 2.6, 'variance': 2.3000000000000003, 'std_dev': 1.5165750888103102, 'median': 2}","[{'rating': '1 - Impossible'}, {'rating': '1 - Impossible'}, {'rating': '1 - Impossible'}, {'rating': '1 - Impossible'}, {'rating': '1 - Impossible'}]","{'mean': 1, 'variance': 0, 'std_dev': 0.0, 'median': 1}"
What is a wet person likely to do?,catch cold,"A wet person is likely to catch a cold because being wet can lower the body's temperature, potentially weakening the immune system and making the person more susceptible to viruses that cause colds.","[{'rating': '3 - Plausible'}, {'rating': '2 - Technically Possible'}, {'rating': '5 - Very Likely'}, {'rating': '2 - Technically Possible'}, {'rating': '2 - Technically Possible'}]","[{'feedback': 'It would require the presence of a cold virus, but otherwise is technically possible.'}]",thank god,"A wet person is likely to ""thank god"" if they were previously in a precarious situation involving water, such as a near-drowning experience or a dangerous storm, and they are grateful for their safety and survival. Expressing gratitude is a natural human reaction to relief from a distressing event.","[{'rating': '3 - Plausible'}, {'rating': '2 - Technically Possible'}, {'rating': '1 - Impossible'}, {'rating': '2 - Technically Possible'}, {'rating': '1 - Impossible'}]",[],"{'mean': 2.8, 'variance': 1.7, 'std_dev': 1.3038404810405297, 'median': 2}","{'mean': 1.8, 'variance': 0.7000000000000001, 'std_dev': 0.8366600265340756, 'median': 2}","[{'rating': '5 - Very Likely'}, {'rating': '3 - Plausible'}, {'rating': '4 - Likely'}, {'rating': '3 - Plausible'}, {'rating': '4 - Likely'}]","{'mean': 3.8, 'variance': 0.7, 'std_dev': 0.8366600265340756, 'median': 4}","[{'rating': '1 - Impossible'}, {'rating': '4 - Likely'}, {'rating': '3 - Plausible'}, {'rating': '2 - Technically Possible'}, {'rating': '2 - Technically Possible'}]","{'mean': 2.4, 'variance': 1.3, 'std_dev': 1.140175425099138, 'median': 2}"
"The teacher played on the upright piano, she was explaining the song to all the students in the what?",music room,"The choice ""music room"" is plausible because it's a common setting within a school where pianos are typically located and where a teacher would explain music to students, making it a logical location for the scenario.","[{'rating': '2 - Technically Possible'}, {'rating': '4 - Likely'}, {'rating': '2 - Technically Possible'}, {'rating': '4 - Likely'}, {'rating': '5 - Very Likely'}]",[{'feedback': 'nice'}],living room,"The living room could plausibly serve as a multi-purpose space where the teacher holds informal music lessons for students, providing a cozy and familiar atmosphere conducive to learning and creativity.","[{'rating': '2 - Technically Possible'}, {'rating': '1 - Impossible'}, {'rating': '3 - Plausible'}, {'rating': '3 - Plausible'}, {'rating': '5 - Very Likely'}]","[{'feedback': ""It doesn't seem probable the teacher would hold lessons in an informal place such as a home an informal environment...""}]","{'mean': 3.4, 'variance': 1.8, 'std_dev': 1.3416407864998738, 'median': 4}","{'mean': 2.8, 'variance': 2.2, 'std_dev': 1.4832396974191326, 'median': 3}","[{'rating': '5 - Very Likely'}, {'rating': '4 - Likely'}, {'rating': '4 - Likely'}, {'rating': '5 - Very Likely'}, {'rating': '4 - Likely'}]","{'mean': 4.4, 'variance': 0.3, 'std_dev': 0.5477225575051661, 'median': 4}","[{'rating': '3 - Plausible'}, {'rating': '3 - Plausible'}, {'rating': '4 - Likely'}, {'rating': '3 - Plausible'}, {'rating': '3 - Plausible'}]","{'mean': 3.2, 'variance': 0.19999999999999998, 'std_dev': 0.4472135954999579, 'median': 3}"
