context,question,gold_label,gold_label_pro_rationale,gold_label_ratings,feedback_gold_label,distractor,distractor_pro_rationale,distractor_ratings,feedback_distractor,gold_label_stats,distractor_stats,gold_label_no_rationale_ratings,gold_label_no_rationale_stats,distractor_no_rationale_ratings,distractor_no_rationale_stats
Bailey was at his friends house one day when the house next door caught on fire.,What will happen to Others?,lose their home in the fire,"The neighboring house catching fire poses a significant risk of spreading, which could easily engulf other homes in the vicinity if not controlled promptly, leading to others potentially losing their homes in the fire. This scenario is plausible, especially in densely populated areas where houses are close together and structural fires can rapidly escalate.","[{'rating': '5 - Very Likely'}, {'rating': '2 - Technically Possible'}, {'rating': '5 - Very Likely'}, {'rating': '3 - Plausible'}, {'rating': '2 - Technically Possible'}]","[{'feedback': 'good information in the survey'}, {'feedback': 'loosing their home to the fire only in a case when no efforts were undertaken to put out the fire'}]",set someone else's house on fire,"The chaos and panic caused by a fire in the neighborhood might inadvertently lead someone to mistakenly take drastic action to ""prevent"" another house from catching fire, such as setting a controlled fire that spirals out of control. Additionally, with emergency vehicles and focus drawn to one fire, a mischievous or malicious actor might exploit the situation to set another person's house on fire, believing they have a reduced chance of getting caught.","[{'rating': '3 - Plausible'}, {'rating': '1 - Impossible'}, {'rating': '2 - Technically Possible'}, {'rating': '2 - Technically Possible'}, {'rating': '2 - Technically Possible'}]","[{'feedback': 'There is enough first responders available.'}, {'feedback': ""Neither the sentence nor the explanation makes grammatical sense, let alone actual sense. I suppose it's technically possible, but not at all likely.""}]","{'mean': 3.4, 'variance': 2.3000000000000003, 'std_dev': 1.5165750888103102, 'median': 3}","{'mean': 2, 'variance': 0.5, 'std_dev': 0.7071067811865476, 'median': 2}","[{'rating': '4 - Likely'}, {'rating': '4 - Likely'}, {'rating': '4 - Likely'}, {'rating': '1 - Impossible'}, {'rating': '3 - Plausible'}]","{'mean': 3.2, 'variance': 1.7, 'std_dev': 1.3038404810405297, 'median': 4}","[{'rating': '1 - Impossible'}, {'rating': '2 - Technically Possible'}, {'rating': '2 - Technically Possible'}, {'rating': '3 - Plausible'}, {'rating': '2 - Technically Possible'}]","{'mean': 2, 'variance': 0.5, 'std_dev': 0.7071067811865476, 'median': 2}"
"After years of bullying in high school, Sasha graduated at the top of her class and got a great job. Sasha got revenge on the people.",How would you describe Sasha?,a competent person,"Sasha's ability to overcome bullying, excel academically, and secure a great job demonstrates her competence in navigating challenges and achieving success despite adversity. Her accomplishments suggest she possesses the skills and determination characteristic of a highly competent individual.","[{'rating': '2 - Technically Possible'}, {'rating': '4 - Likely'}, {'rating': '5 - Very Likely'}, {'rating': '4 - Likely'}, {'rating': '5 - Very Likely'}]",[],bad for bullying her,"Describing Sasha as ""bad for bullying her"" could be seen as plausible if interpreted abstractly, suggesting that she manipulated the negative energy of bullying into motivation and success, effectively turning the tables and proving her detractors wrong. By achieving success despite the obstacles, one could argue that she transformed the negativity directed at her into a tool for self-empowerment and self-betterment.","[{'rating': '1 - Impossible'}, {'rating': '5 - Very Likely'}, {'rating': '2 - Technically Possible'}, {'rating': '3 - Plausible'}, {'rating': '1 - Impossible'}]","[{'feedback': 'This is confusing - how would ""bad for bullying her"" be a descriptor for Sasha? Instead, I would describe her as strong, capable, and intelligent.'}]","{'mean': 4, 'variance': 1.5, 'std_dev': 1.224744871391589, 'median': 4}","{'mean': 2.4, 'variance': 2.8, 'std_dev': 1.6733200530681511, 'median': 2}","[{'rating': '4 - Likely'}, {'rating': '5 - Very Likely'}, {'rating': '5 - Very Likely'}, {'rating': '5 - Very Likely'}, {'rating': '4 - Likely'}]","{'mean': 4.6, 'variance': 0.3, 'std_dev': 0.5477225575051661, 'median': 5}","[{'rating': '1 - Impossible'}, {'rating': '2 - Technically Possible'}, {'rating': '1 - Impossible'}, {'rating': '1 - Impossible'}, {'rating': '1 - Impossible'}]","{'mean': 1.2, 'variance': 0.2, 'std_dev': 0.4472135954999579, 'median': 1}"
Skylar knew they were nervous and he wanted to ease their minds.,What does Skylar need to do before this?,put together a strong presentation detailing his ideas on how to proceed,"Skylar can best ease their minds by putting together a strong presentation detailing his ideas on how to proceed, as it will demonstrate preparedness and provide a clear path forward that can help alleviate their concerns. By having a well-prepared presentation, Skylar can address any uncertainties and instill confidence in the plan, thus calming their nerves.","[{'rating': '3 - Plausible'}, {'rating': '4 - Likely'}, {'rating': '2 - Technically Possible'}, {'rating': '3 - Plausible'}, {'rating': '3 - Plausible'}]","[{'feedback': 'possible, but this is very specific and just one possiblity. Skylar could also exercise or take medication to ease their mind'}]",insult their worries,"Skylar might use reverse psychology by initially insulting their worries, thus trivializing them and making the individuals realize their concerns are perhaps not as serious as they perceive, which can lead to a more relaxed mindset. By addressing their concerns in this manner, it could open up an opportunity for humor and perspective, helping to ease their anxiety.","[{'rating': '1 - Impossible'}, {'rating': '2 - Technically Possible'}, {'rating': '1 - Impossible'}, {'rating': '1 - Impossible'}, {'rating': '2 - Technically Possible'}]",[{'feedback': 'Using reverse psychology seems like quite the logical leap as an explanation.'}],"{'mean': 3, 'variance': 0.5, 'std_dev': 0.7071067811865476, 'median': 3}","{'mean': 1.4, 'variance': 0.3, 'std_dev': 0.5477225575051661, 'median': 1}","[{'rating': '4 - Likely'}, {'rating': '4 - Likely'}, {'rating': '5 - Very Likely'}, {'rating': '3 - Plausible'}, {'rating': '5 - Very Likely'}]","{'mean': 4.2, 'variance': 0.7, 'std_dev': 0.8366600265340756, 'median': 4}","[{'rating': '1 - Impossible'}, {'rating': '2 - Technically Possible'}, {'rating': '2 - Technically Possible'}, {'rating': '3 - Plausible'}, {'rating': '1 - Impossible'}]","{'mean': 1.8, 'variance': 0.7000000000000001, 'std_dev': 0.8366600265340756, 'median': 2}"
Jordan's smoking had negative affects on the health of the children.,What will Others want to do next?,take the children to the doctor,"Taking the children to the doctor is a logical step because medical professionals can assess the impact of Jordan's smoking on the children's health and provide necessary treatment or recommendations for mitigating any adverse effects they might be experiencing. Additionally, a doctor's visit can offer guidance on preventative measures to protect the children from further harm caused by exposure to smoke.","[{'rating': '1 - Impossible'}, {'rating': '2 - Technically Possible'}, {'rating': '3 - Plausible'}, {'rating': '3 - Plausible'}, {'rating': '3 - Plausible'}]",[{'feedback': 'Or Jordan could just quit smoking'}],Smoke with Jordan,"Others might choose to smoke with Jordan as a way of social bonding or peer pressure, despite the negative health impacts, particularly if they perceive smoking as a means of fitting in or being accepted within their social circle.","[{'rating': '1 - Impossible'}, {'rating': '2 - Technically Possible'}, {'rating': '1 - Impossible'}, {'rating': '2 - Technically Possible'}, {'rating': '2 - Technically Possible'}]",[],"{'mean': 2.4, 'variance': 0.7999999999999999, 'std_dev': 0.8944271909999159, 'median': 3}","{'mean': 1.6, 'variance': 0.3, 'std_dev': 0.5477225575051661, 'median': 2}","[{'rating': '2 - Technically Possible'}, {'rating': '4 - Likely'}, {'rating': '5 - Very Likely'}, {'rating': '4 - Likely'}, {'rating': '5 - Very Likely'}]","{'mean': 4, 'variance': 1.5, 'std_dev': 1.224744871391589, 'median': 4}","[{'rating': '1 - Impossible'}, {'rating': '1 - Impossible'}, {'rating': '2 - Technically Possible'}, {'rating': '2 - Technically Possible'}, {'rating': '2 - Technically Possible'}]","{'mean': 1.6, 'variance': 0.3, 'std_dev': 0.5477225575051661, 'median': 2}"
Tracy understood Casey's stance better after they had a long conversation together.,What does Tracy need to do before this?,ask Casey to talk,"Before having a long conversation, it would be logical for Tracy to initiate the dialogue by asking Casey to talk, as this sets the stage for a deeper understanding and exchange of perspectives between the two individuals. This step is crucial in opening the lines of communication that led to Tracy's improved understanding of Casey's stance.","[{'rating': '5 - Very Likely'}, {'rating': '4 - Likely'}, {'rating': '4 - Likely'}, {'rating': '4 - Likely'}, {'rating': '4 - Likely'}]",[],listen to Tom,"Before the conversation with Casey, Tracy might need to listen to Tom to gather different perspectives or information that Tom may offer, which could help Tracy better understand Casey’s stance during their discussion. This preparatory step might give Tracy valuable context or background that enhances the subsequent conversation with Casey.","[{'rating': '5 - Very Likely'}, {'rating': '4 - Likely'}, {'rating': '2 - Technically Possible'}, {'rating': '2 - Technically Possible'}, {'rating': '5 - Very Likely'}]",[],"{'mean': 4.2, 'variance': 0.19999999999999998, 'std_dev': 0.4472135954999579, 'median': 4}","{'mean': 3.6, 'variance': 2.3000000000000003, 'std_dev': 1.5165750888103102, 'median': 4}","[{'rating': '4 - Likely'}, {'rating': '3 - Plausible'}, {'rating': '5 - Very Likely'}, {'rating': '4 - Likely'}, {'rating': '5 - Very Likely'}]","{'mean': 4.2, 'variance': 0.7, 'std_dev': 0.8366600265340756, 'median': 4}","[{'rating': '1 - Impossible'}, {'rating': '1 - Impossible'}, {'rating': '2 - Technically Possible'}, {'rating': '2 - Technically Possible'}, {'rating': '1 - Impossible'}]","{'mean': 1.4, 'variance': 0.3, 'std_dev': 0.5477225575051661, 'median': 1}"
Bailey asked Alex to send them the pdf for the school project but Alex never did.,What will happen to Bailey?,blame Alex,"Given that Alex never sent the pdf for the school project as requested, it is plausible that Bailey might blame Alex for any negative outcomes, such as being unable to complete the project on time, due to Alex's failure to fulfill the request. This blame could arise from the responsibility placed on Alex to provide the necessary materials for team success.","[{'rating': '5 - Very Likely'}, {'rating': '4 - Likely'}, {'rating': '4 - Likely'}, {'rating': '4 - Likely'}, {'rating': '4 - Likely'}]",[{'feedback': 'I think it is likely Bailey will blame Alex to save herself.'}],have to start over,"Bailey might have to start over because without the needed PDF from Alex, they may not have all the necessary information or materials to complete their part of the school project. Without this crucial document, Bailey might need to re-gather resources or information to meet the project's requirements.","[{'rating': '4 - Likely'}, {'rating': '2 - Technically Possible'}, {'rating': '3 - Plausible'}, {'rating': '3 - Plausible'}, {'rating': '3 - Plausible'}]",[],"{'mean': 4.2, 'variance': 0.19999999999999998, 'std_dev': 0.4472135954999579, 'median': 4}","{'mean': 3, 'variance': 0.5, 'std_dev': 0.7071067811865476, 'median': 3}","[{'rating': '5 - Very Likely'}, {'rating': '2 - Technically Possible'}, {'rating': '5 - Very Likely'}, {'rating': '5 - Very Likely'}, {'rating': '5 - Very Likely'}]","{'mean': 4.4, 'variance': 1.8, 'std_dev': 1.3416407864998738, 'median': 5}","[{'rating': '3 - Plausible'}, {'rating': '3 - Plausible'}, {'rating': '5 - Very Likely'}, {'rating': '3 - Plausible'}, {'rating': '4 - Likely'}]","{'mean': 3.6, 'variance': 0.7999999999999999, 'std_dev': 0.8944271909999159, 'median': 3}"
Carson's friend wanted something sweet to drink. Carson gave their friend some milk.,What will happen to Carson?,talk to the friend,Carson might talk to the friend to ask if the milk met their expectations or if they would prefer a different sweet drink option. This conversation could help ensure that the friend's taste preferences are satisfied.,"[{'rating': '3 - Plausible'}, {'rating': '3 - Plausible'}, {'rating': '5 - Very Likely'}, {'rating': '4 - Likely'}, {'rating': '4 - Likely'}]",[],ask for milk,"It is plausible that Carson will ask for milk because after giving milk to their friend, Carson might realize they also want some for themselves. Additionally, Carson might be checking if their friend is satisfied with the milk and if they want more, by asking for more milk as a gesture of ensuring their friend has enough.","[{'rating': '1 - Impossible'}, {'rating': '2 - Technically Possible'}, {'rating': '3 - Plausible'}, {'rating': '2 - Technically Possible'}, {'rating': '2 - Technically Possible'}]",[],"{'mean': 3.8, 'variance': 0.7, 'std_dev': 0.8366600265340756, 'median': 4}","{'mean': 2, 'variance': 0.5, 'std_dev': 0.7071067811865476, 'median': 2}","[{'rating': '2 - Technically Possible'}, {'rating': '4 - Likely'}, {'rating': '3 - Plausible'}, {'rating': '5 - Very Likely'}, {'rating': '4 - Likely'}]","{'mean': 3.6, 'variance': 1.3, 'std_dev': 1.140175425099138, 'median': 4}","[{'rating': '4 - Likely'}, {'rating': '4 - Likely'}, {'rating': '2 - Technically Possible'}, {'rating': '2 - Technically Possible'}, {'rating': '1 - Impossible'}]","{'mean': 2.6, 'variance': 1.8, 'std_dev': 1.3416407864998738, 'median': 2}"
Riley told Lee to stay at work a little later that night.,What will happen to Lee?,he will make money,"If Riley asked Lee to stay at work later, it's likely that Lee is working overtime, which often comes with additional pay, leading to the plausible outcome that Lee will make extra money.","[{'rating': '3 - Plausible'}, {'rating': '3 - Plausible'}, {'rating': '2 - Technically Possible'}, {'rating': '3 - Plausible'}, {'rating': '5 - Very Likely'}]",[{'feedback': 'This would not apply is Lee is salaried. '}],he will quit,"Riley's request for Lee to stay late could be the final straw in an ongoing pattern of excessive demands, leading Lee to decide to quit in order to find a more balanced work environment. Additionally, Lee might value personal commitments more and interpret the request as an indication of a misaligned work-life balance, prompting him to quit.","[{'rating': '1 - Impossible'}, {'rating': '2 - Technically Possible'}, {'rating': '4 - Likely'}, {'rating': '2 - Technically Possible'}, {'rating': '2 - Technically Possible'}]","[{'feedback': 'Technically possible, but quitting from being asked to stay a little later at work seems like an overreaction and not realistic.'}]","{'mean': 3.2, 'variance': 1.2, 'std_dev': 1.0954451150103321, 'median': 3}","{'mean': 2.2, 'variance': 1.2, 'std_dev': 1.0954451150103321, 'median': 2}","[{'rating': '4 - Likely'}, {'rating': '4 - Likely'}, {'rating': '4 - Likely'}, {'rating': '4 - Likely'}, {'rating': '5 - Very Likely'}]","{'mean': 4.2, 'variance': 0.19999999999999998, 'std_dev': 0.4472135954999579, 'median': 4}","[{'rating': '2 - Technically Possible'}, {'rating': '2 - Technically Possible'}, {'rating': '3 - Plausible'}, {'rating': '2 - Technically Possible'}, {'rating': '2 - Technically Possible'}]","{'mean': 2.2, 'variance': 0.19999999999999998, 'std_dev': 0.4472135954999579, 'median': 2}"
Sasha spent Austin's money trying to win a prize even when the odds were stacked against her.,What will Austin want to do next?,yell at Sasha for doing that,"It is plausible that Austin would want to yell at Sasha because spending someone else's money, especially when the odds are not in her favor, could be seen as reckless and inconsiderate, prompting an immediate emotional response like anger. Yelling could be Austin's way of expressing frustration and disappointment over the perceived misuse of his resources.","[{'rating': '2 - Technically Possible'}, {'rating': '4 - Likely'}, {'rating': '5 - Very Likely'}, {'rating': '5 - Very Likely'}, {'rating': '3 - Plausible'}]",[],pull out more money,"Given that Sasha has already spent Austin's money gambling for a prize, Austin might want to pull out more money to continue the attempt, driven by sunk cost fallacy or hoping for a change in luck that could recoup the losses. Additionally, Austin may trust Sasha's judgment and believe that success is still possible with further financial investment.","[{'rating': '1 - Impossible'}, {'rating': '2 - Technically Possible'}, {'rating': '3 - Plausible'}, {'rating': '3 - Plausible'}, {'rating': '2 - Technically Possible'}]","[{'feedback': ""If Sasha had spent Austin's money already, it is more likely they will choose to cut Sasha off at that point, rather than sink more money into a fruitless endeavor.""}]","{'mean': 3.8, 'variance': 1.7, 'std_dev': 1.3038404810405297, 'median': 4}","{'mean': 2.2, 'variance': 0.7, 'std_dev': 0.8366600265340756, 'median': 2}","[{'rating': '3 - Plausible'}, {'rating': '1 - Impossible'}, {'rating': '5 - Very Likely'}, {'rating': '5 - Very Likely'}, {'rating': '5 - Very Likely'}]","{'mean': 3.8, 'variance': 3.1999999999999997, 'std_dev': 1.7888543819998317, 'median': 5}","[{'rating': '4 - Likely'}, {'rating': '1 - Impossible'}, {'rating': '2 - Technically Possible'}, {'rating': '4 - Likely'}, {'rating': '1 - Impossible'}]","{'mean': 2.4, 'variance': 2.3000000000000003, 'std_dev': 1.5165750888103102, 'median': 2}"
Robin built a snowman in the snow and gave it a new name.,What will Robin want to do next?,put a carrot in the nose,"Robin has already built a snowman and given it a name, so the next logical step to further personalize and complete the snowman's features would be to add a traditional element like a carrot for the nose. This action aligns with the common practice of decorating snowmen and enhances the snowman's character and appearance.","[{'rating': '4 - Likely'}, {'rating': '4 - Likely'}, {'rating': '5 - Very Likely'}, {'rating': '5 - Very Likely'}, {'rating': '2 - Technically Possible'}]",[],destroy it,"After creating and naming a snowman, Robin might feel a sense of accomplishment or completion, which could lead him to destroy it for fun or to start fresh and make a new one. Additionally, Robin might want to see how the snowman reacts when destroyed, creating an opportunity for imaginative play.","[{'rating': '1 - Impossible'}, {'rating': '4 - Likely'}, {'rating': '2 - Technically Possible'}, {'rating': '1 - Impossible'}, {'rating': '3 - Plausible'}]",[{'feedback': 'nice'}],"{'mean': 4, 'variance': 1.5, 'std_dev': 1.224744871391589, 'median': 4}","{'mean': 2.2, 'variance': 1.7, 'std_dev': 1.3038404810405297, 'median': 2}","[{'rating': '4 - Likely'}, {'rating': '3 - Plausible'}, {'rating': '5 - Very Likely'}, {'rating': '1 - Impossible'}, {'rating': '4 - Likely'}]","{'mean': 3.4, 'variance': 2.3000000000000003, 'std_dev': 1.5165750888103102, 'median': 4}","[{'rating': '4 - Likely'}, {'rating': '1 - Impossible'}, {'rating': '2 - Technically Possible'}, {'rating': '2 - Technically Possible'}, {'rating': '1 - Impossible'}]","{'mean': 2, 'variance': 1.5, 'std_dev': 1.224744871391589, 'median': 2}"
Kendall said that nobody was to use their phone. Jesse used Kendall's phone anyway.,What will Kendall want to do next?,lock their phone,"Kendall might want to lock their phone to prevent unauthorized usage by others, as locking the phone adds an extra layer of security and enforces the rule of not using the phone without permission. This action directly responds to Jesse's disregard for Kendall's rule by ensuring it doesn't happen again.","[{'rating': '5 - Very Likely'}, {'rating': '5 - Very Likely'}, {'rating': '4 - Likely'}, {'rating': '5 - Very Likely'}, {'rating': '5 - Very Likely'}]",[],compliment Jesse,"Kendall might want to compliment Jesse for having the courage or resourcefulness to bypass restrictions, acknowledging Jesse's initiative or ability to achieve a goal despite the set rule. This could be viewed as a teachable moment where Kendall appreciates Jesse's problem-solving skills, even if it was against the initial directive.","[{'rating': '2 - Technically Possible'}, {'rating': '2 - Technically Possible'}, {'rating': '1 - Impossible'}, {'rating': '2 - Technically Possible'}, {'rating': '4 - Likely'}, {'rating': '1 - Impossible'}]","[{'feedback': 'This is pretty dang unlikely unless Kendall has a huge crush on Jesse. '}, {'feedback': 'This is pretty dang unlikely unless Kendall has a huge crush on Jesse. '}]","{'mean': 4.8, 'variance': 0.19999999999999998, 'std_dev': 0.4472135954999579, 'median': 5}","{'mean': 2, 'variance': 1.2, 'std_dev': 1.0954451150103321, 'median': 2.0}","[{'rating': '5 - Very Likely'}, {'rating': '5 - Very Likely'}, {'rating': '5 - Very Likely'}, {'rating': '5 - Very Likely'}, {'rating': '5 - Very Likely'}]","{'mean': 5, 'variance': 0, 'std_dev': 0.0, 'median': 5}","[{'rating': '2 - Technically Possible'}, {'rating': '2 - Technically Possible'}, {'rating': '2 - Technically Possible'}, {'rating': '1 - Impossible'}, {'rating': '1 - Impossible'}]","{'mean': 1.6, 'variance': 0.3, 'std_dev': 0.5477225575051661, 'median': 2}"
"Ash was nervous, and cringed when they missed a step, but knew that the best thing to do is push forward. They earned a standing ovation.",Why did Ash do this?,Prove they could do it,"Ash was determined to prove to themselves and others that they could succeed despite their nervousness and initial stumble, which is why they pushed forward and ultimately earned a standing ovation. This demonstrates their desire to prove their capabilities and resilience in the face of challenges.","[{'rating': '4 - Likely'}, {'rating': '4 - Likely'}, {'rating': '5 - Very Likely'}, {'rating': '3 - Plausible'}, {'rating': '5 - Very Likely'}]",[],Quit while they were ahead,"Ash might have decided to interpret ""quit while they were ahead"" as a metaphorical step in their performance, where after making a mistake, instead of dwelling on it, they mentally reset, treated the rest of the performance as a fresh start, and concluded so well that the audience gave a standing ovation. By recognizing the missed step as a symbolic point of ending and beginning anew, Ash was able to push past it, leading to a strong finish.","[{'rating': '3 - Plausible'}, {'rating': '3 - Plausible'}, {'rating': '5 - Very Likely'}, {'rating': '2 - Technically Possible'}, {'rating': '2 - Technically Possible'}, {'rating': '4 - Likely'}]","[{'feedback': 'Not likely, this was an encouraging moment for them and it seems they are still learning. If they quit now, they will probably regret it forever. '}, {'feedback': 'Not likely, this was an encouraging moment for them and it seems they are still learning. If they quit now, they will probably regret it forever. '}]","{'mean': 4.2, 'variance': 0.7, 'std_dev': 0.8366600265340756, 'median': 4}","{'mean': 3.1666666666666665, 'variance': 1.3666666666666667, 'std_dev': 1.1690451944500122, 'median': 3.0}","[{'rating': '4 - Likely'}, {'rating': '5 - Very Likely'}, {'rating': '5 - Very Likely'}, {'rating': '5 - Very Likely'}, {'rating': '5 - Very Likely'}]","{'mean': 4.8, 'variance': 0.19999999999999998, 'std_dev': 0.4472135954999579, 'median': 5}","[{'rating': '1 - Impossible'}, {'rating': '1 - Impossible'}, {'rating': '1 - Impossible'}, {'rating': '1 - Impossible'}, {'rating': '2 - Technically Possible'}]","{'mean': 1.2, 'variance': 0.2, 'std_dev': 0.4472135954999579, 'median': 1}"
Cameron wasted money on an expensive handbag.,Why did Cameron do this?,buy a status item,"Cameron may have purchased the expensive handbag as a status item to display wealth or social status, which is often associated with high-end, costly accessories. This choice could be driven by societal pressures or personal desire to be perceived as affluent and fashionable.","[{'rating': '4 - Likely'}, {'rating': '2 - Technically Possible'}, {'rating': '3 - Plausible'}, {'rating': '5 - Very Likely'}, {'rating': '4 - Likely'}]",[],resent her waste,"Cameron might have bought the expensive handbag as a form of self-punishment or to deliberately feel the emotional consequence of resenting her wasteful behavior, which could be a personal strategy for changing her spending habits in the future. By making this purchase and then resenting it, she reinforces a negative emotional response to overspending, potentially deterring similar decisions later on.","[{'rating': '4 - Likely'}, {'rating': '4 - Likely'}, {'rating': '1 - Impossible'}, {'rating': '4 - Likely'}, {'rating': '4 - Likely'}, {'rating': '4 - Likely'}]",[],"{'mean': 3.6, 'variance': 1.3, 'std_dev': 1.140175425099138, 'median': 4}","{'mean': 3.5, 'variance': 1.5, 'std_dev': 1.224744871391589, 'median': 4.0}","[{'rating': '4 - Likely'}, {'rating': '5 - Very Likely'}, {'rating': '5 - Very Likely'}, {'rating': '3 - Plausible'}, {'rating': '5 - Very Likely'}]","{'mean': 4.4, 'variance': 0.8, 'std_dev': 0.8944271909999159, 'median': 5}","[{'rating': '2 - Technically Possible'}, {'rating': '1 - Impossible'}, {'rating': '1 - Impossible'}, {'rating': '1 - Impossible'}, {'rating': '1 - Impossible'}]","{'mean': 1.2, 'variance': 0.2, 'std_dev': 0.4472135954999579, 'median': 1}"
Quinn murdered Remy's wife while Remy was away on a business trip.,How would Quinn feel afterwards?,guilty,"Quinn might feel guilty afterwards because the act of murder could conflict with their moral or ethical values, triggering a sense of remorse or self-reproach despite their initial intentions. Additionally, the realization of the far-reaching consequences of their actions, such as the impact on Remy and others, could heighten feelings of guilt.","[{'rating': '3 - Plausible'}, {'rating': '5 - Very Likely'}, {'rating': '3 - Plausible'}, {'rating': '3 - Plausible'}, {'rating': '2 - Technically Possible'}]",[],like a good person,"Quinn might feel like a good person if they believe that their actions were justified or necessary, perhaps thinking they were liberating Remy from a troubled marriage or acting in what they perceived as his best interest. Sometimes, individuals with distorted moral reasoning can rationalize their actions and view themselves as heroes or saviors.","[{'rating': '2 - Technically Possible'}, {'rating': '2 - Technically Possible'}, {'rating': '3 - Plausible'}, {'rating': '1 - Impossible'}, {'rating': '4 - Likely'}, {'rating': '2 - Technically Possible'}]","[{'feedback': 'Quinn might feel this way if they are a psychopath but I sure hope not. '}, {'feedback': 'Quinn might feel this way if they are a psychopath but I sure hope not. '}]","{'mean': 3.2, 'variance': 1.2, 'std_dev': 1.0954451150103321, 'median': 3}","{'mean': 2.3333333333333335, 'variance': 1.0666666666666667, 'std_dev': 1.0327955589886444, 'median': 2.0}","[{'rating': '5 - Very Likely'}, {'rating': '3 - Plausible'}, {'rating': '5 - Very Likely'}, {'rating': '5 - Very Likely'}, {'rating': '5 - Very Likely'}]","{'mean': 4.6, 'variance': 0.7999999999999999, 'std_dev': 0.8944271909999159, 'median': 5}","[{'rating': '2 - Technically Possible'}, {'rating': '2 - Technically Possible'}, {'rating': '3 - Plausible'}, {'rating': '2 - Technically Possible'}, {'rating': '1 - Impossible'}]","{'mean': 2, 'variance': 0.5, 'std_dev': 0.7071067811865476, 'median': 2}"
Aubrey helped Alex with a task.,What will Alex want to do next?,give Aubrey a hug,"Alex may feel grateful for Aubrey's assistance and want to express appreciation in a friendly and personal way, making a hug a fitting gesture of gratitude and closeness.","[{'rating': '2 - Technically Possible'}, {'rating': '2 - Technically Possible'}, {'rating': '2 - Technically Possible'}, {'rating': '3 - Plausible'}, {'rating': '3 - Plausible'}]",[],Tell her she accepts,"Alex may want to express gratitude or mutual support for Aubrey's help with the task by telling her she accepts an offer or suggestion made by Aubrey, as this could be an opportunity for Alex to reciprocate or show appreciation.","[{'rating': '2 - Technically Possible'}, {'rating': '2 - Technically Possible'}, {'rating': '5 - Very Likely'}, {'rating': '4 - Likely'}, {'rating': '2 - Technically Possible'}, {'rating': '3 - Plausible'}]","[{'feedback': 'It depends on the context, lol. This could be interpreted in a silly way. '}, {'feedback': 'It depends on the context, lol. This could be interpreted in a silly way. '}]","{'mean': 2.4, 'variance': 0.3, 'std_dev': 0.5477225575051661, 'median': 2}","{'mean': 3, 'variance': 1.6, 'std_dev': 1.2649110640673518, 'median': 2.5}","[{'rating': '4 - Likely'}, {'rating': '3 - Plausible'}, {'rating': '3 - Plausible'}, {'rating': '2 - Technically Possible'}, {'rating': '3 - Plausible'}]","{'mean': 3, 'variance': 0.5, 'std_dev': 0.7071067811865476, 'median': 3}","[{'rating': '2 - Technically Possible'}, {'rating': '2 - Technically Possible'}, {'rating': '1 - Impossible'}, {'rating': '1 - Impossible'}, {'rating': '5 - Very Likely'}]","{'mean': 2.2, 'variance': 2.7, 'std_dev': 1.6431676725154984, 'median': 2}"
Kai was a great improvisational guitar player; Kai made it up as Kai goes along.,What will Kai want to do next?,record their improvised music,"Kai, being a great improvisational guitar player, would likely want to record their improvised music to capture unique, spontaneous moments and potentially use the recordings as a basis for future compositions or performances. Recording allows them to retain the originality and dynamic essence of their improvisations for further exploration or sharing with an audience.","[{'rating': '2 - Technically Possible'}, {'rating': '4 - Likely'}, {'rating': '4 - Likely'}, {'rating': '2 - Technically Possible'}, {'rating': '4 - Likely'}]",[],learn a cover song,"Kai might want to learn a cover song to expand their musical repertoire and add structured elements to their improvisational skills, which can enhance creativity and introduce new techniques into their playing. Additionally, mastering a cover song could provide Kai with new inspiration for their improvisational performances.","[{'rating': '3 - Plausible'}, {'rating': '3 - Plausible'}, {'rating': '3 - Plausible'}, {'rating': '5 - Very Likely'}, {'rating': '1 - Impossible'}, {'rating': '2 - Technically Possible'}]","[{'feedback': 'Yah but not likely. If they are an improv player why would they want to learn a new cover. However, Jerry Garcia also learned many covers, and still made it up while he went along. Same with Phish. '}, {'feedback': 'Yah but not likely. If they are an improv player why would they want to learn a new cover. However, Jerry Garcia also learned many covers, and still made it up while he went along. Same with Phish. '}]","{'mean': 3.2, 'variance': 1.2, 'std_dev': 1.0954451150103321, 'median': 4}","{'mean': 2.8333333333333335, 'variance': 1.7666666666666666, 'std_dev': 1.3291601358251257, 'median': 3.0}","[{'rating': '4 - Likely'}, {'rating': '2 - Technically Possible'}, {'rating': '3 - Plausible'}, {'rating': '3 - Plausible'}, {'rating': '3 - Plausible'}]","{'mean': 3, 'variance': 0.5, 'std_dev': 0.7071067811865476, 'median': 3}","[{'rating': '3 - Plausible'}, {'rating': '3 - Plausible'}, {'rating': '2 - Technically Possible'}, {'rating': '2 - Technically Possible'}, {'rating': '4 - Likely'}]","{'mean': 2.8, 'variance': 0.7, 'std_dev': 0.8366600265340756, 'median': 3}"
Riley is trying to teach Sasha how to swim underwater.,How would you describe Riley?,helpful,"Riley is engaging in an activity that involves teaching and guiding Sasha in acquiring a new skill, which demonstrates a willingness to assist and support her. This effort to share knowledge and ensure Sasha's comfort and proficiency underwater clearly exemplifies a helpful nature.","[{'rating': '5 - Very Likely'}, {'rating': '3 - Plausible'}, {'rating': '5 - Very Likely'}, {'rating': '5 - Very Likely'}, {'rating': '5 - Very Likely'}]",[],bossy,"Riley taking the initiative to teach Sasha how to swim underwater could be seen as exerting authority or control over the situation, which might be interpreted as bossy. In this context, Riley might display assertiveness or a commanding presence to ensure Sasha follows instructions for safety and learning purposes.","[{'rating': '2 - Technically Possible'}, {'rating': '4 - Likely'}, {'rating': '2 - Technically Possible'}, {'rating': '2 - Technically Possible'}, {'rating': '3 - Plausible'}]",[{'feedback': 'nice'}],"{'mean': 4.6, 'variance': 0.7999999999999999, 'std_dev': 0.8944271909999159, 'median': 5}","{'mean': 2.6, 'variance': 0.7999999999999999, 'std_dev': 0.8944271909999159, 'median': 2}","[{'rating': '4 - Likely'}, {'rating': '5 - Very Likely'}, {'rating': '5 - Very Likely'}, {'rating': '5 - Very Likely'}, {'rating': '5 - Very Likely'}]","{'mean': 4.8, 'variance': 0.19999999999999998, 'std_dev': 0.4472135954999579, 'median': 5}","[{'rating': '2 - Technically Possible'}, {'rating': '2 - Technically Possible'}, {'rating': '2 - Technically Possible'}, {'rating': '1 - Impossible'}, {'rating': '3 - Plausible'}]","{'mean': 2, 'variance': 0.5, 'std_dev': 0.7071067811865476, 'median': 2}"
Ash threw up their arms and just finally gave up on Sasha and her attitude.,What will happen to Sasha?,abandoned,"Sasha will likely be abandoned because Ash's decision to give up suggests a withdrawal of support or engagement in response to her difficult attitude, leaving Sasha to manage her challenges on her own. This interpretation aligns with the notion that Ash has reached a breaking point and chosen to distance themselves from continued involvement.","[{'rating': '4 - Likely'}, {'rating': '2 - Technically Possible'}, {'rating': '2 - Technically Possible'}, {'rating': '3 - Plausible'}, {'rating': '4 - Likely'}]",[],get away from Sasha,"The phrase ""get away from Sasha"" suggests that Ash's decision to give up is likely due to frustration or conflict, so Ash distancing themself could mean Sasha remains unchallenged and free to continue her attitude without Ash's interference. This choice implies a physical or emotional detachment that allows Sasha to continue unencumbered by Ash's presence or attempts to address the issue.","[{'rating': '1 - Impossible'}, {'rating': '3 - Plausible'}, {'rating': '4 - Likely'}, {'rating': '3 - Plausible'}, {'rating': '1 - Impossible'}]","[{'feedback': 'The response of Sasha ""get(ting) away from Shasha"" does not make sense.'}]","{'mean': 3, 'variance': 1, 'std_dev': 1.0, 'median': 3}","{'mean': 2.4, 'variance': 1.8, 'std_dev': 1.3416407864998738, 'median': 3}","[{'rating': '4 - Likely'}, {'rating': '2 - Technically Possible'}, {'rating': '3 - Plausible'}, {'rating': '2 - Technically Possible'}, {'rating': '3 - Plausible'}]","{'mean': 2.8, 'variance': 0.7, 'std_dev': 0.8366600265340756, 'median': 3}","[{'rating': '5 - Very Likely'}, {'rating': '1 - Impossible'}, {'rating': '1 - Impossible'}, {'rating': '1 - Impossible'}, {'rating': '1 - Impossible'}]","{'mean': 1.8, 'variance': 3.2000000000000006, 'std_dev': 1.788854381999832, 'median': 1}"
Aubrey worked their best and never received a raise.,How would you describe Aubrey?,underappreciated,"Aubrey is described as underappreciated because despite working their best, they did not receive a raise, indicating that their efforts and contributions were not fully recognized or valued by their employer. This lack of recognition aligns with the notion of being underappreciated, as their hard work was not rewarded or acknowledged in the form of a raise.","[{'rating': '5 - Very Likely'}, {'rating': '5 - Very Likely'}, {'rating': '5 - Very Likely'}, {'rating': '5 - Very Likely'}, {'rating': '2 - Technically Possible'}]",[],Feel cheated,"Aubrey might feel cheated because despite putting in their best effort, they did not receive a raise, which could lead to a sense of being undervalued or unfairly treated. The lack of recognition for hard work can strongly contribute to feelings of being cheated in a workplace setting.","[{'rating': '4 - Likely'}, {'rating': '5 - Very Likely'}, {'rating': '4 - Likely'}, {'rating': '5 - Very Likely'}, {'rating': '4 - Likely'}]",[{'feedback': 'nice'}],"{'mean': 4.4, 'variance': 1.8, 'std_dev': 1.3416407864998738, 'median': 5}","{'mean': 4.4, 'variance': 0.3, 'std_dev': 0.5477225575051661, 'median': 4}","[{'rating': '5 - Very Likely'}, {'rating': '5 - Very Likely'}, {'rating': '4 - Likely'}, {'rating': '5 - Very Likely'}, {'rating': '5 - Very Likely'}]","{'mean': 4.8, 'variance': 0.19999999999999998, 'std_dev': 0.4472135954999579, 'median': 5}","[{'rating': '4 - Likely'}, {'rating': '5 - Very Likely'}, {'rating': '5 - Very Likely'}, {'rating': '3 - Plausible'}, {'rating': '5 - Very Likely'}]","{'mean': 4.4, 'variance': 0.8, 'std_dev': 0.8944271909999159, 'median': 5}"
Riley regarded Jesse with observant eyes. He didn't trust Jesse because he's known her a long time.,What will Riley do?,Not take Jesse's word for anything,"Given that Riley has a history with Jesse and doesn't trust her, it is plausible that he would choose to verify her claims independently rather than accepting them at face value, therefore not taking her word for anything. This cautious approach aligns with his lack of trust developed over time.","[{'rating': '5 - Very Likely'}, {'rating': '5 - Very Likely'}, {'rating': '3 - Plausible'}, {'rating': '5 - Very Likely'}, {'rating': '4 - Likely'}]","[{'feedback': ""when you don't trust people, it is good to be conscious around them ""}, {'feedback': 'he will have little to no trust for Jesse words'}]",Believe what Jesse says,"Riley might choose to believe what Jesse says because having known her for a long time, he might feel confident in discerning when she is being truthful and when she is not, potentially sensing a genuine moment from her now. Additionally, his observant nature could lead him to give Jesse the benefit of the doubt, assuming this interaction might be different and warrant trust.","[{'rating': '2 - Technically Possible'}, {'rating': '2 - Technically Possible'}, {'rating': '2 - Technically Possible'}, {'rating': '2 - Technically Possible'}, {'rating': '3 - Plausible'}]","[{'feedback': 'Riley appears to be a good judge of character so judging by her body language and his knowledge of her character, he can discern if she is telling the truth or not.'}, {'feedback': 'Explanation directly contradicts the sentence. ""...didn\'t trust Jesse because he\'s known her for a long time."" Technically possible, but unlikely.'}]","{'mean': 4.4, 'variance': 0.8, 'std_dev': 0.8944271909999159, 'median': 5}","{'mean': 2.2, 'variance': 0.19999999999999998, 'std_dev': 0.4472135954999579, 'median': 2}","[{'rating': '5 - Very Likely'}, {'rating': '5 - Very Likely'}, {'rating': '3 - Plausible'}, {'rating': '5 - Very Likely'}, {'rating': '4 - Likely'}]","{'mean': 4.4, 'variance': 0.8, 'std_dev': 0.8944271909999159, 'median': 5}","[{'rating': '1 - Impossible'}, {'rating': '2 - Technically Possible'}, {'rating': '3 - Plausible'}, {'rating': '1 - Impossible'}, {'rating': '1 - Impossible'}]","{'mean': 1.6, 'variance': 0.7999999999999999, 'std_dev': 0.8944271909999159, 'median': 1}"
Lee made copies so that everyone at the table could follow along.,What will Lee want to do next?,make sure there are enough,"Lee will likely want to ensure there are enough copies for everyone at the table to follow along effectively, validating the effort made in creating the copies and facilitating seamless participation and engagement in the discussion or activity.","[{'rating': '5 - Very Likely'}, {'rating': '4 - Likely'}, {'rating': '5 - Very Likely'}, {'rating': '5 - Very Likely'}, {'rating': '4 - Likely'}]","[{'feedback': 'he took extra steps to make sure people followed up'}, {'feedback': 'agreed Lee is committed to ensuring everybody present stay attentive and focused'}]",keep all the copies,"Lee may want to keep all the copies after ensuring everyone at the table has one to maintain a complete set for his records or future reference, in case additional participants join later or replacements are needed. Keeping the copies could also help Lee track the information shared and maintain document consistency in discussions.","[{'rating': '2 - Technically Possible'}, {'rating': '3 - Plausible'}, {'rating': '2 - Technically Possible'}, {'rating': '3 - Plausible'}, {'rating': '5 - Very Likely'}]","[{'feedback': 'It is possible, but unlikely given their motivation to make the copies in the first place. '}, {'feedback': 'That would be the second step, AFTER handing out copies. So while technically possible, seems unlikely without the additional handing out step.'}]","{'mean': 4.6, 'variance': 0.3, 'std_dev': 0.5477225575051661, 'median': 5}","{'mean': 3, 'variance': 1.5, 'std_dev': 1.224744871391589, 'median': 3}","[{'rating': '4 - Likely'}, {'rating': '5 - Very Likely'}, {'rating': '5 - Very Likely'}, {'rating': '5 - Very Likely'}, {'rating': '5 - Very Likely'}]","{'mean': 4.8, 'variance': 0.19999999999999998, 'std_dev': 0.4472135954999579, 'median': 5}","[{'rating': '2 - Technically Possible'}, {'rating': '2 - Technically Possible'}, {'rating': '1 - Impossible'}, {'rating': '2 - Technically Possible'}, {'rating': '1 - Impossible'}]","{'mean': 1.6, 'variance': 0.3, 'std_dev': 0.5477225575051661, 'median': 2}"
Sydney opened a savings account after learning about getting interest on their money.,What does Sydney need to do before this?,do some research,"It is plausible that Sydney needs to do some research before opening a savings account to understand different interest rates, banks, and account terms available to make an informed decision. Conducting research ensures Sydney is aware of the best options to maximize benefits, aligning with the decision to open a savings account for interest earnings.","[{'rating': '2 - Technically Possible'}, {'rating': '4 - Likely'}, {'rating': '5 - Very Likely'}, {'rating': '3 - Plausible'}, {'rating': '2 - Technically Possible'}]",[],do little research,"Doing a little research is plausible because Sydney would likely want to understand the different savings account options, interest rates, and terms offered by various banks to make an informed decision. This preliminary research could guide them in choosing the most beneficial account to maximize their financial gains.","[{'rating': '5 - Very Likely'}, {'rating': '5 - Very Likely'}, {'rating': '2 - Technically Possible'}, {'rating': '5 - Very Likely'}, {'rating': '4 - Likely'}]",[],"{'mean': 3.2, 'variance': 1.7, 'std_dev': 1.3038404810405297, 'median': 3}","{'mean': 4.2, 'variance': 1.7, 'std_dev': 1.3038404810405297, 'median': 5}","[{'rating': '5 - Very Likely'}, {'rating': '4 - Likely'}, {'rating': '5 - Very Likely'}, {'rating': '5 - Very Likely'}, {'rating': '4 - Likely'}]","{'mean': 4.6, 'variance': 0.3, 'std_dev': 0.5477225575051661, 'median': 5}","[{'rating': '2 - Technically Possible'}, {'rating': '4 - Likely'}, {'rating': '5 - Very Likely'}, {'rating': '2 - Technically Possible'}, {'rating': '2 - Technically Possible'}]","{'mean': 3, 'variance': 2, 'std_dev': 1.4142135623730951, 'median': 2}"
Tracy wore Sydney's jacket to school without asking for permission.,How would you describe Tracy?,rude,"Tracy's action of wearing Sydney's jacket without permission shows a lack of consideration for Sydney's ownership and feelings, which can be interpreted as disrespectful behavior, thus fitting the definition of being rude. By not seeking permission, Tracy disregarded social norms and courtesy, emphasizing the rudeness of the act.","[{'rating': '5 - Very Likely'}, {'rating': '4 - Likely'}, {'rating': '5 - Very Likely'}, {'rating': '3 - Plausible'}, {'rating': '4 - Likely'}]","[{'feedback': 'Yes, that was rude actually.'}, {'feedback': 'she showed no regard for his space and personal stuff.'}]",upset that Tracy stole their jacket,"Tracy's behavior of wearing Sydney's jacket without permission could indicate that she is upset, as taking something without asking might be a way for her to express her emotions or assert control over a situation she finds distressing. Her actions could be interpreted as a means to indirectly communicate her feelings of upset or dissatisfaction to Sydney.","[{'rating': '1 - Impossible'}, {'rating': '5 - Very Likely'}, {'rating': '1 - Impossible'}, {'rating': '1 - Impossible'}, {'rating': '4 - Likely'}]","[{'feedback': ""Grammatically wrong and the explanation doesn't relate to the statement.""}]","{'mean': 4.2, 'variance': 0.7, 'std_dev': 0.8366600265340756, 'median': 4}","{'mean': 2.4, 'variance': 3.8000000000000003, 'std_dev': 1.949358868961793, 'median': 1}","[{'rating': '5 - Very Likely'}, {'rating': '3 - Plausible'}, {'rating': '5 - Very Likely'}, {'rating': '5 - Very Likely'}, {'rating': '4 - Likely'}]","{'mean': 4.4, 'variance': 0.8, 'std_dev': 0.8944271909999159, 'median': 5}","[{'rating': '1 - Impossible'}, {'rating': '1 - Impossible'}, {'rating': '4 - Likely'}, {'rating': '1 - Impossible'}, {'rating': '5 - Very Likely'}]","{'mean': 2.4, 'variance': 3.8000000000000003, 'std_dev': 1.949358868961793, 'median': 1}"
Carson was wrongfully convicted for a crime. Taylor proved Carson's point last night and the judge agreed.,What will happen to Carson?,be released,"If Taylor successfully proved Carson's innocence and the judge agreed, it is plausible that Carson will be released from custody as the wrongful conviction would be overturned due to the new evidence.","[{'rating': '5 - Very Likely'}, {'rating': '5 - Very Likely'}, {'rating': '5 - Very Likely'}, {'rating': '5 - Very Likely'}, {'rating': '4 - Likely'}]","[{'feedback': 'this is a good survey and study'}, {'feedback': ""With Taylor's evidence , it will be legally wrong for the Judge to convict an innocent Carson""}]",be rewarded,"Carson may be rewarded as a form of compensation or acknowledgment for having been wrongfully convicted, perhaps through financial restitution or public recognition of the injustice he suffered. This can serve as an effort to restore his reputation and mitigate the impacts of his wrongful conviction.","[{'rating': '2 - Technically Possible'}, {'rating': '5 - Very Likely'}, {'rating': '3 - Plausible'}, {'rating': '4 - Likely'}, {'rating': '4 - Likely'}]",[{'feedback': 'Likely as a result of a lawsuit.'}],"{'mean': 4.8, 'variance': 0.19999999999999998, 'std_dev': 0.4472135954999579, 'median': 5}","{'mean': 3.6, 'variance': 1.3, 'std_dev': 1.140175425099138, 'median': 4}","[{'rating': '5 - Very Likely'}, {'rating': '5 - Very Likely'}, {'rating': '5 - Very Likely'}, {'rating': '5 - Very Likely'}, {'rating': '5 - Very Likely'}]","{'mean': 5, 'variance': 0, 'std_dev': 0.0, 'median': 5}","[{'rating': '2 - Technically Possible'}, {'rating': '3 - Plausible'}, {'rating': '2 - Technically Possible'}, {'rating': '2 - Technically Possible'}, {'rating': '4 - Likely'}]","{'mean': 2.6, 'variance': 0.7999999999999999, 'std_dev': 0.8944271909999159, 'median': 2}"
Addison regarded every comment very seriously and listened to all the instructions.,How would you describe Addison?,serious,"The choice ""serious"" is plausible because Addison's attitude of taking every comment seriously and attentively following all instructions suggests a focused and earnest approach, characteristics commonly associated with being serious.","[{'rating': '4 - Likely'}, {'rating': '5 - Very Likely'}, {'rating': '5 - Very Likely'}, {'rating': '5 - Very Likely'}, {'rating': '4 - Likely'}]",[],addison was law biding,"Addison's serious attitude toward comments and adherence to instructions suggests a respect for order and rules, indicating she is likely to be law-abiding. By valuing the guidelines and taking them seriously, Addison demonstrates characteristics typically associated with following the law.","[{'rating': '4 - Likely'}, {'rating': '5 - Very Likely'}, {'rating': '3 - Plausible'}, {'rating': '5 - Very Likely'}, {'rating': '3 - Plausible'}]",[{'feedback': 'nice'}],"{'mean': 4.6, 'variance': 0.3, 'std_dev': 0.5477225575051661, 'median': 5}","{'mean': 4, 'variance': 1, 'std_dev': 1.0, 'median': 4}","[{'rating': '5 - Very Likely'}, {'rating': '5 - Very Likely'}, {'rating': '5 - Very Likely'}, {'rating': '5 - Very Likely'}, {'rating': '3 - Plausible'}]","{'mean': 4.6, 'variance': 0.7999999999999999, 'std_dev': 0.8944271909999159, 'median': 5}","[{'rating': '3 - Plausible'}, {'rating': '5 - Very Likely'}, {'rating': '4 - Likely'}, {'rating': '3 - Plausible'}, {'rating': '2 - Technically Possible'}]","{'mean': 3.4, 'variance': 1.3, 'std_dev': 1.140175425099138, 'median': 3}"
Riley cried after Jesse said something.,What did Jesse say?,Insults about Riley,"It's plausible that Riley cried because insults are often emotionally hurtful, and receiving them from someone like Jesse could have made Riley feel upset or vulnerable. Emotional reactions such as crying are common responses to personal attacks or negative comments.","[{'rating': '3 - Plausible'}, {'rating': '4 - Likely'}, {'rating': '4 - Likely'}, {'rating': '4 - Likely'}, {'rating': '3 - Plausible'}]",[],nice,"Jesse might have said something nice to Riley, but Riley could have been overwhelmed with emotions, possibly due to a positive or unexpected compliment, causing them to cry tears of joy or gratitude. Alternatively, Riley might have been going through a difficult time, and hearing something nice could have touched them deeply, prompting an emotional response.","[{'rating': '4 - Likely'}, {'rating': '1 - Impossible'}, {'rating': '3 - Plausible'}, {'rating': '3 - Plausible'}, {'rating': '3 - Plausible'}]",[],"{'mean': 3.6, 'variance': 0.3, 'std_dev': 0.5477225575051661, 'median': 4}","{'mean': 2.8, 'variance': 1.2, 'std_dev': 1.0954451150103321, 'median': 3}","[{'rating': '5 - Very Likely'}, {'rating': '3 - Plausible'}, {'rating': '3 - Plausible'}, {'rating': '4 - Likely'}, {'rating': '5 - Very Likely'}]","{'mean': 4, 'variance': 1, 'std_dev': 1.0, 'median': 4}","[{'rating': '1 - Impossible'}, {'rating': '2 - Technically Possible'}, {'rating': '2 - Technically Possible'}, {'rating': '1 - Impossible'}, {'rating': '2 - Technically Possible'}]","{'mean': 1.6, 'variance': 0.3, 'std_dev': 0.5477225575051661, 'median': 2}"
Kai handed back the mail after they looked at it.,How would you describe Kai?,As someone who knows what's in the mail,"Kai's action of handing back the mail after looking at it suggests that they have the ability to discern or understand the contents quickly, implying a familiarity or knowledge of the mail's contents. This familiarity could stem from previous exposure to similar mail or an intuition about the sender or subject matter, indicating that Kai is someone who likely knows what's in the mail.","[{'rating': '5 - Very Likely'}, {'rating': '2 - Technically Possible'}, {'rating': '4 - Likely'}, {'rating': '4 - Likely'}, {'rating': '5 - Very Likely'}]","[{'feedback': 'Kai knows whats in the email already'}, {'feedback': ""obviously Kai is aware of the mail's contents""}]",respected as a result,"Kai handled someone else's mail responsibly by giving it back after looking at it, which could enhance their reputation as someone trustworthy and respectful, thereby earning greater respect as a result. Respect can be viewed not just in actions taken but also in the restraint shown in respecting privacy, leading to being respected as a result.","[{'rating': '2 - Technically Possible'}, {'rating': '5 - Very Likely'}, {'rating': '2 - Technically Possible'}, {'rating': '4 - Likely'}, {'rating': '4 - Likely'}]","[{'feedback': 'Kai depicts integrity and honesty.'}, {'feedback': 'Possible, but not terribly likely.'}]","{'mean': 4, 'variance': 1.5, 'std_dev': 1.224744871391589, 'median': 4}","{'mean': 3.4, 'variance': 1.8, 'std_dev': 1.3416407864998738, 'median': 4}","[{'rating': '5 - Very Likely'}, {'rating': '4 - Likely'}, {'rating': '5 - Very Likely'}, {'rating': '5 - Very Likely'}, {'rating': '4 - Likely'}]","{'mean': 4.6, 'variance': 0.3, 'std_dev': 0.5477225575051661, 'median': 5}","[{'rating': '2 - Technically Possible'}, {'rating': '4 - Likely'}, {'rating': '3 - Plausible'}, {'rating': '2 - Technically Possible'}, {'rating': '2 - Technically Possible'}]","{'mean': 2.6, 'variance': 0.7999999999999999, 'std_dev': 0.8944271909999159, 'median': 2}"
Kai was finally on vacation and went to the beach. Kai felt relaxed laying in the sun.,What does Kai need to do before this?,take off work,"Before Kai can enjoy a vacation at the beach, they would need to take time off work to ensure they have no commitments or responsibilities conflicting with their trip, allowing them to fully relax and enjoy their time away. Taking off work is a necessary step to facilitate a worry-free and restful vacation experience.","[{'rating': '5 - Very Likely'}, {'rating': '5 - Very Likely'}, {'rating': '5 - Very Likely'}, {'rating': '5 - Very Likely'}, {'rating': '4 - Likely'}]",[{'feedback': 'Vacation equally explains rest from some stress'}],get something to eat,Kai might need to get something to eat before laying in the sun as having a meal could help ensure he has enough energy to fully enjoy his beach day and prevent him from becoming hungry while trying to relax.,"[{'rating': '2 - Technically Possible'}, {'rating': '5 - Very Likely'}, {'rating': '4 - Likely'}, {'rating': '3 - Plausible'}, {'rating': '3 - Plausible'}]","[{'feedback': ""It's equally as likely that after a long day of relaxing in the sun, Kai will have worked up an appetite and choose to have dinner.""}]","{'mean': 4.8, 'variance': 0.19999999999999998, 'std_dev': 0.4472135954999579, 'median': 5}","{'mean': 3.4, 'variance': 1.3, 'std_dev': 1.140175425099138, 'median': 3}","[{'rating': '5 - Very Likely'}, {'rating': '5 - Very Likely'}, {'rating': '5 - Very Likely'}, {'rating': '5 - Very Likely'}, {'rating': '5 - Very Likely'}]","{'mean': 5, 'variance': 0, 'std_dev': 0.0, 'median': 5}","[{'rating': '4 - Likely'}, {'rating': '4 - Likely'}, {'rating': '2 - Technically Possible'}, {'rating': '3 - Plausible'}, {'rating': '2 - Technically Possible'}]","{'mean': 3, 'variance': 1, 'std_dev': 1.0, 'median': 3}"
Sasha worked as a nurse and often stepped in and protected patients rights.,What will happen to the patients?,show Sasha their appreciation with cards,"Sasha's actions in protecting patients' rights might inspire gratitude among the patients she helped, prompting them to express their thanks through heartfelt gestures like giving cards. This is a common and tangible way for the patients to acknowledge and appreciate Sasha's dedication and advocacy on their behalf.","[{'rating': '4 - Likely'}, {'rating': '4 - Likely'}, {'rating': '3 - Plausible'}, {'rating': '3 - Plausible'}, {'rating': '4 - Likely'}]",[{'feedback': 'This is plausible but it assumes follow through on the part of patients who might have other things going on or not know where to send a card'}],get sicker due to poor conditions,"If Sasha is not present to advocate for the patients' rights, her absence could lead to a neglect of important care standards, resulting in patients becoming sicker due to poor conditions. Her protective role was likely crucial in ensuring that patients received the necessary attention and care to avoid deterioration of their health.","[{'rating': '1 - Impossible'}, {'rating': '2 - Technically Possible'}, {'rating': '1 - Impossible'}, {'rating': '2 - Technically Possible'}, {'rating': '2 - Technically Possible'}]",[],"{'mean': 3.6, 'variance': 0.3, 'std_dev': 0.5477225575051661, 'median': 4}","{'mean': 1.6, 'variance': 0.3, 'std_dev': 0.5477225575051661, 'median': 2}","[{'rating': '5 - Very Likely'}, {'rating': '4 - Likely'}, {'rating': '3 - Plausible'}, {'rating': '4 - Likely'}, {'rating': '3 - Plausible'}]","{'mean': 3.8, 'variance': 0.7, 'std_dev': 0.8366600265340756, 'median': 4}","[{'rating': '2 - Technically Possible'}, {'rating': '2 - Technically Possible'}, {'rating': '1 - Impossible'}, {'rating': '1 - Impossible'}, {'rating': '1 - Impossible'}]","{'mean': 1.4, 'variance': 0.3, 'std_dev': 0.5477225575051661, 'median': 1}"
riley was a distrustful person so he regarded jesse with suspicious eyes.,What will happen to Jesse?,he will question riley,"Since Jesse is being regarded with suspicion by Riley, Jesse may sense this distrust and feel compelled to question Riley in order to understand the reason behind the suspicious behavior and possibly clear up any misunderstandings.","[{'rating': '3 - Plausible'}, {'rating': '2 - Technically Possible'}, {'rating': '3 - Plausible'}, {'rating': '3 - Plausible'}, {'rating': '3 - Plausible'}]",[],he will ignore riley,"Jesse might choose to ignore Riley because he is aware of Riley's distrustful nature and wants to avoid conflict or any unnecessary engagement that could arise from Riley's suspicious behavior. By ignoring Riley, Jesse can focus on more productive interactions without getting involved in mistrustful dynamics.","[{'rating': '3 - Plausible'}, {'rating': '3 - Plausible'}, {'rating': '4 - Likely'}, {'rating': '4 - Likely'}, {'rating': '3 - Plausible'}]",[],"{'mean': 2.8, 'variance': 0.19999999999999998, 'std_dev': 0.4472135954999579, 'median': 3}","{'mean': 3.4, 'variance': 0.3, 'std_dev': 0.5477225575051661, 'median': 3}","[{'rating': '4 - Likely'}, {'rating': '4 - Likely'}, {'rating': '3 - Plausible'}, {'rating': '3 - Plausible'}, {'rating': '5 - Very Likely'}]","{'mean': 3.8, 'variance': 0.7, 'std_dev': 0.8366600265340756, 'median': 4}","[{'rating': '3 - Plausible'}, {'rating': '3 - Plausible'}, {'rating': '3 - Plausible'}, {'rating': '4 - Likely'}, {'rating': '3 - Plausible'}]","{'mean': 3.2, 'variance': 0.19999999999999998, 'std_dev': 0.4472135954999579, 'median': 3}"
Quinn colored her hair a light ghosted grey color.,How would Quinn feel afterwards?,artistic,"Quinn might feel artistic because coloring her hair a unique shade like ghosted grey allows her to express her creativity and individuality, much like an artist uses colors to convey emotion and style on a canvas. Engaging in such a bold and imaginative personal transformation can evoke a sense of artistic fulfillment and self-expression.","[{'rating': '3 - Plausible'}, {'rating': '3 - Plausible'}, {'rating': '5 - Very Likely'}, {'rating': '4 - Likely'}, {'rating': '3 - Plausible'}]",[{'feedback': 'She may also just want to dye her hair. '}],unwanted,"Quinn might feel unwanted after coloring her hair grey if she perceives that the new hair color doesn’t attract positive attention or compliments from others, leading to feelings of social rejection or alienation. Additionally, grey hair is often associated with aging, which might make her feel less valued or less desirable in a society that often prioritizes youthfulness.","[{'rating': '3 - Plausible'}, {'rating': '3 - Plausible'}, {'rating': '4 - Likely'}, {'rating': '2 - Technically Possible'}, {'rating': '3 - Plausible'}]","[{'feedback': ""It's possible that while Quinn might have chosen this specific color, they had some regret after the fact if it did not come out exactly as they had hoped or intended.""}]","{'mean': 3.6, 'variance': 0.7999999999999999, 'std_dev': 0.8944271909999159, 'median': 3}","{'mean': 3, 'variance': 0.5, 'std_dev': 0.7071067811865476, 'median': 3}","[{'rating': '4 - Likely'}, {'rating': '3 - Plausible'}, {'rating': '4 - Likely'}, {'rating': '4 - Likely'}, {'rating': '2 - Technically Possible'}]","{'mean': 3.4, 'variance': 0.7999999999999999, 'std_dev': 0.8944271909999159, 'median': 4}","[{'rating': '1 - Impossible'}, {'rating': '1 - Impossible'}, {'rating': '2 - Technically Possible'}, {'rating': '2 - Technically Possible'}, {'rating': '2 - Technically Possible'}]","{'mean': 1.6, 'variance': 0.3, 'std_dev': 0.5477225575051661, 'median': 2}"
Jordan was going for a walk and brought the kids.,What does Jordan need to do before this?,get the kids ready,"Before going for a walk with the kids, it is plausible that Jordan needs to get the kids ready to ensure they are dressed appropriately and have everything they need for the outing. Preparing the kids is an essential step to avoid disruptions and ensure a smooth and enjoyable walk.","[{'rating': '5 - Very Likely'}, {'rating': '4 - Likely'}, {'rating': '5 - Very Likely'}, {'rating': '4 - Likely'}, {'rating': '5 - Very Likely'}]",[],wanted to get some fresh air,"The act of wanting to get some fresh air could be the motivation behind Jordan deciding to take a walk and bring the kids along, as it suggests a prior intention or desire that precedes the action of going for a walk. This motivation provides a plausible reason for the sequence of events, making it a necessary precursor to the activity.","[{'rating': '4 - Likely'}, {'rating': '4 - Likely'}, {'rating': '4 - Likely'}, {'rating': '1 - Impossible'}, {'rating': '5 - Very Likely'}]",[{'feedback': 'This one is somewhat confusing the going for a walk kind of implies he is not outside already so wanting to get some fresh air as the answer makes little to no sense as something he needs to do before going for a walk.'}],"{'mean': 4.6, 'variance': 0.3, 'std_dev': 0.5477225575051661, 'median': 5}","{'mean': 3.6, 'variance': 2.3, 'std_dev': 1.51657508881031, 'median': 4}","[{'rating': '5 - Very Likely'}, {'rating': '4 - Likely'}, {'rating': '5 - Very Likely'}, {'rating': '5 - Very Likely'}, {'rating': '5 - Very Likely'}]","{'mean': 4.8, 'variance': 0.19999999999999998, 'std_dev': 0.4472135954999579, 'median': 5}","[{'rating': '4 - Likely'}, {'rating': '3 - Plausible'}, {'rating': '3 - Plausible'}, {'rating': '4 - Likely'}, {'rating': '1 - Impossible'}]","{'mean': 3, 'variance': 1.5, 'std_dev': 1.224744871391589, 'median': 3}"
Kendall took Skylar into acount when making plans for the day.,How would Skylar feel as a result?,Glad they were thought about,"Skylar would likely feel glad they were thought about because being considered in someone's plans can lead to feelings of being valued and appreciated, reinforcing a sense of importance in their relationship with Kendall. This consideration shows that Kendall cares about Skylar's preferences and needs, which can foster a positive emotional response.","[{'rating': '5 - Very Likely'}, {'rating': '5 - Very Likely'}, {'rating': '4 - Likely'}, {'rating': '4 - Likely'}, {'rating': '5 - Very Likely'}]","[{'feedback': 'it shows how happy one can be when they realise people care about them'}, {'feedback': 'Its good to always be thoughtful of other people'}, {'feedback': 'Kyle action would definitely make Skyler feel important'}]",as generous,"Skylar might feel ""as generous"" because Kendall's consideration of their preferences could inspire Skylar to reciprocate with a kind or generous gesture in appreciation of Kendall’s thoughtfulness. By feeling included in the day's plans, Skylar's positive emotions might translate into a willingness to respond in kind.","[{'rating': '4 - Likely'}, {'rating': '5 - Very Likely'}, {'rating': '4 - Likely'}, {'rating': '2 - Technically Possible'}, {'rating': '5 - Very Likely'}]","[{'feedback': 'People like reciprocity'}, {'feedback': 'Seems pretty obvious'}]","{'mean': 4.6, 'variance': 0.3, 'std_dev': 0.5477225575051661, 'median': 5}","{'mean': 4, 'variance': 1.5, 'std_dev': 1.224744871391589, 'median': 4}","[{'rating': '5 - Very Likely'}, {'rating': '5 - Very Likely'}, {'rating': '5 - Very Likely'}, {'rating': '5 - Very Likely'}, {'rating': '4 - Likely'}]","{'mean': 4.8, 'variance': 0.19999999999999998, 'std_dev': 0.4472135954999579, 'median': 5}","[{'rating': '4 - Likely'}, {'rating': '4 - Likely'}, {'rating': '3 - Plausible'}, {'rating': '4 - Likely'}, {'rating': '4 - Likely'}]","{'mean': 3.8, 'variance': 0.19999999999999998, 'std_dev': 0.4472135954999579, 'median': 4}"
Taylor helped Ash move in to their new house.,What does Taylor need to do before this?,be able to help,"Taylor needs to possess the ability and physical capability to assist Ash effectively with moving tasks, which might involve lifting heavy objects, organizing items, or handling fragile belongings. Ensuring they are in a condition to help ensures the moving process is smooth and efficient.","[{'rating': '4 - Likely'}, {'rating': '5 - Very Likely'}, {'rating': '5 - Very Likely'}, {'rating': '4 - Likely'}, {'rating': '5 - Very Likely'}]",[],go get food,"Taylor may need to ensure they have enough energy for the physically demanding task of helping Ash move by eating beforehand, making ""going to get food"" a plausible preparatory step. Additionally, bringing food could be seen as a supportive gesture to provide sustenance during the moving process for both Taylor and Ash.","[{'rating': '3 - Plausible'}, {'rating': '5 - Very Likely'}, {'rating': '3 - Plausible'}, {'rating': '3 - Plausible'}, {'rating': '2 - Technically Possible'}]","[{'feedback': ""It's also likely Taylor may want to get food beforehand if there's been no discussion about a meal being offered after moving.""}]","{'mean': 4.6, 'variance': 0.3, 'std_dev': 0.5477225575051661, 'median': 5}","{'mean': 3.2, 'variance': 1.2, 'std_dev': 1.0954451150103321, 'median': 3}","[{'rating': '2 - Technically Possible'}, {'rating': '5 - Very Likely'}, {'rating': '5 - Very Likely'}, {'rating': '4 - Likely'}, {'rating': '3 - Plausible'}]","{'mean': 3.8, 'variance': 1.7, 'std_dev': 1.3038404810405297, 'median': 4}","[{'rating': '3 - Plausible'}, {'rating': '3 - Plausible'}, {'rating': '4 - Likely'}, {'rating': '2 - Technically Possible'}, {'rating': '3 - Plausible'}]","{'mean': 3, 'variance': 0.5, 'std_dev': 0.7071067811865476, 'median': 3}"
Cameron stopped the fight before people got hurt.,What will Cameron want to do next?,send people home,"Cameron may want to send people home to ensure the safety and well-being of everyone involved, as dispersing the crowd would prevent any potential escalation of tension or further conflict. By sending people home, Cameron can help restore order and calm to the situation.","[{'rating': '5 - Very Likely'}, {'rating': '5 - Very Likely'}, {'rating': '3 - Plausible'}, {'rating': '4 - Likely'}, {'rating': '3 - Plausible'}]","[{'feedback': 'for safety of people, this survey is good'}, {'feedback': 'Keeping the crowd may reignite the tension. Great idea sending them home'}]",The others will cheer Cameron,"Cameron may want the others to cheer for them next because receiving positive reinforcement can affirm Cameron's decision to intervene and reinforce their role as a peacemaker, thus encouraging similar actions in the future. Additionally, cheers from others can provide Cameron with a sense of validation and appreciation, enhancing their self-esteem and social standing.","[{'rating': '4 - Likely'}, {'rating': '5 - Very Likely'}, {'rating': '3 - Plausible'}, {'rating': '3 - Plausible'}, {'rating': '5 - Very Likely'}]",[],"{'mean': 4, 'variance': 1, 'std_dev': 1.0, 'median': 4}","{'mean': 4, 'variance': 1, 'std_dev': 1.0, 'median': 4}","[{'rating': '3 - Plausible'}, {'rating': '4 - Likely'}, {'rating': '4 - Likely'}, {'rating': '3 - Plausible'}, {'rating': '3 - Plausible'}]","{'mean': 3.4, 'variance': 0.3, 'std_dev': 0.5477225575051661, 'median': 3}","[{'rating': '1 - Impossible'}, {'rating': '3 - Plausible'}, {'rating': '2 - Technically Possible'}, {'rating': '3 - Plausible'}, {'rating': '4 - Likely'}]","{'mean': 2.6, 'variance': 1.3, 'std_dev': 1.140175425099138, 'median': 3}"
Carson was at a friend's house playing video games to get away from his arguing parents.,What does Carson need to do before this?,run over to his friends house,"Carson needs to physically go to his friend's house in order to play video games there, and ""run over to his friend's house"" is a plausible action he would take before engaging in the activity to distance himself from his parents' arguing. Without this step, he wouldn't be able to change his environment and escape the conflict at home.","[{'rating': '5 - Very Likely'}, {'rating': '4 - Likely'}, {'rating': '3 - Plausible'}, {'rating': '4 - Likely'}, {'rating': '3 - Plausible'}]","[{'feedback': 'none'}, {'feedback': 'he had to relocate in order to get away from his parents'}]",try a different game,Carson needs to try a different game before successfully escaping into video games because engaging with a game he finds more enjoyable or suited to his current mood might better help him immerse himself and forget about his parents' arguing. This step ensures the video game session provides the maximum distraction and stress relief he seeks.,"[{'rating': '1 - Impossible'}, {'rating': '3 - Plausible'}, {'rating': '2 - Technically Possible'}, {'rating': '2 - Technically Possible'}, {'rating': '4 - Likely'}]","[{'feedback': 'Carson may need to use the video game that he is accustomed to as it would perhaps bring more immediate relief vs trying an entire new game.'}, {'feedback': ""Grammatically correct, but seems unrelated. The explanation doesn't really make sense either.""}]","{'mean': 3.8, 'variance': 0.7, 'std_dev': 0.8366600265340756, 'median': 4}","{'mean': 2.4, 'variance': 1.3, 'std_dev': 1.140175425099138, 'median': 2}","[{'rating': '5 - Very Likely'}, {'rating': '5 - Very Likely'}, {'rating': '4 - Likely'}, {'rating': '5 - Very Likely'}, {'rating': '1 - Impossible'}]","{'mean': 4, 'variance': 3, 'std_dev': 1.7320508075688772, 'median': 5}","[{'rating': '1 - Impossible'}, {'rating': '2 - Technically Possible'}, {'rating': '2 - Technically Possible'}, {'rating': '1 - Impossible'}, {'rating': '4 - Likely'}]","{'mean': 2, 'variance': 1.5, 'std_dev': 1.224744871391589, 'median': 2}"
"Carson turned the music up. His friend asked him to turn it down and Carson asked ""turn down for what?"" and turned it up louder.",What did Carson do?,listened to very loud music,"Carson listened to very loud music because he deliberately increased the volume even after his friend requested him to lower it, indicating that he preferred the music to be loud. His rhetorical response ""turn down for what?"" suggests that he saw no reason to reduce the volume, further implying that he wanted to enjoy the music at a high volume level.","[{'rating': '5 - Very Likely'}, {'rating': '2 - Technically Possible'}, {'rating': '3 - Plausible'}, {'rating': '4 - Likely'}, {'rating': '5 - Very Likely'}]",[],plug in his phone,"Plugging in his phone could have been Carson's way of controlling the music volume remotely, enabling him to increase the music volume even when his friend asked him to turn it down. Additionally, connecting his phone can suggest that Carson wanted access to a specific playlist or song that he felt should be played louder.","[{'rating': '2 - Technically Possible'}, {'rating': '2 - Technically Possible'}, {'rating': '2 - Technically Possible'}, {'rating': '1 - Impossible'}, {'rating': '5 - Very Likely'}]","[{'feedback': ""Carson sounds rude and will most likely not respect his friend's request.""}, {'feedback': 'Again, technically possible, but unrelated.'}]","{'mean': 3.8, 'variance': 1.7, 'std_dev': 1.3038404810405297, 'median': 4}","{'mean': 2.4, 'variance': 2.3, 'std_dev': 1.51657508881031, 'median': 2}","[{'rating': '5 - Very Likely'}, {'rating': '4 - Likely'}, {'rating': '5 - Very Likely'}, {'rating': '2 - Technically Possible'}, {'rating': '5 - Very Likely'}]","{'mean': 4.2, 'variance': 1.7, 'std_dev': 1.3038404810405297, 'median': 5}","[{'rating': '3 - Plausible'}, {'rating': '2 - Technically Possible'}, {'rating': '1 - Impossible'}, {'rating': '1 - Impossible'}, {'rating': '2 - Technically Possible'}]","{'mean': 1.8, 'variance': 0.7000000000000001, 'std_dev': 0.8366600265340756, 'median': 2}"
Remy challenged them to a game of racquetball at the local YMCA gym.,Why did Remy do this?,was bored and decided to gather some people for a good game of racquetball,"This choice is plausible because being bored can often lead people to seek out activities for entertainment, and racquetball is a social and physically engaging game that would allow Remy to relieve their boredom while interacting with others. Additionally, the local YMCA gym is a common venue for community sports, making it a convenient location to gather people for a game.","[{'rating': '3 - Plausible'}, {'rating': '2 - Technically Possible'}, {'rating': '4 - Likely'}, {'rating': '5 - Very Likely'}, {'rating': '3 - Plausible'}]",[{'feedback': 'Remy could have also wanted to spend time with friends and get some exercise.'}],win the game,"Remy challenged them to a game of racquetball at the local YMCA gym with the intent to win the game, possibly driven by a competitive spirit or a desire to demonstrate his skills. Winning might also serve as a confidence booster or a way to impress friends or peers.","[{'rating': '4 - Likely'}, {'rating': '5 - Very Likely'}, {'rating': '4 - Likely'}, {'rating': '4 - Likely'}, {'rating': '2 - Technically Possible'}]",[{'feedback': 'nice'}],"{'mean': 3.4, 'variance': 1.3, 'std_dev': 1.140175425099138, 'median': 3}","{'mean': 3.8, 'variance': 1.2, 'std_dev': 1.0954451150103321, 'median': 4}","[{'rating': '4 - Likely'}, {'rating': '4 - Likely'}, {'rating': '5 - Very Likely'}, {'rating': '1 - Impossible'}, {'rating': '4 - Likely'}]","{'mean': 3.6, 'variance': 2.3, 'std_dev': 1.51657508881031, 'median': 4}","[{'rating': '2 - Technically Possible'}, {'rating': '3 - Plausible'}, {'rating': '5 - Very Likely'}, {'rating': '3 - Plausible'}, {'rating': '4 - Likely'}]","{'mean': 3.4, 'variance': 1.3, 'std_dev': 1.140175425099138, 'median': 3}"
Riley layered down their arms with a blanket to keep warm.,What does Riley need to do before this?,get a blanket from the closet,"Before Riley can layer a blanket on their arms to keep warm, they need to first obtain a blanket, which is logically stored in a closet. This sequence of events makes it plausible that Riley would need to get a blanket from the closet before being able to use it.","[{'rating': '3 - Plausible'}, {'rating': '3 - Plausible'}, {'rating': '2 - Technically Possible'}, {'rating': '5 - Very Likely'}, {'rating': '5 - Very Likely'}]","[{'feedback': 'they could use a coat, sweater, or grab a blanket from the couch or bed. the explanation assumes a lot'}]",turn on the air conditioner,"To ensure the warmth from the blanket is most effective, Riley might have previously turned on the air conditioner to create a cooler environment, thus emphasizing the need to layer up for warmth. This would make the act of layering with a blanket a necessary contrast to counteract the cooler air.","[{'rating': '2 - Technically Possible'}, {'rating': '1 - Impossible'}, {'rating': '4 - Likely'}, {'rating': '2 - Technically Possible'}, {'rating': '2 - Technically Possible'}]","[{'feedback': 'This is technically possible, but the involvement of an air conditioner seems like quite a leap.'}]","{'mean': 3.6, 'variance': 1.8, 'std_dev': 1.3416407864998738, 'median': 3}","{'mean': 2.2, 'variance': 1.2, 'std_dev': 1.0954451150103321, 'median': 2}","[{'rating': '5 - Very Likely'}, {'rating': '5 - Very Likely'}, {'rating': '5 - Very Likely'}, {'rating': '4 - Likely'}, {'rating': '5 - Very Likely'}]","{'mean': 4.8, 'variance': 0.19999999999999998, 'std_dev': 0.4472135954999579, 'median': 5}","[{'rating': '1 - Impossible'}, {'rating': '2 - Technically Possible'}, {'rating': '2 - Technically Possible'}, {'rating': '4 - Likely'}, {'rating': '2 - Technically Possible'}]","{'mean': 2.2, 'variance': 1.2, 'std_dev': 1.0954451150103321, 'median': 2}"
Quinn showed it off to Casey's friends in the birthday party.,What will happen to Casey?,be called a show off at the birthday party,"It's plausible that Casey could be called a show off at the birthday party because Quinn, being associated with Casey, displayed something to the group. As Quinn's actions could reflect on Casey, attendees might mistakenly attribute the show-off behavior to Casey.","[{'rating': '2 - Technically Possible'}, {'rating': '2 - Technically Possible'}, {'rating': '1 - Impossible'}, {'rating': '2 - Technically Possible'}, {'rating': '2 - Technically Possible'}]",[],like a bragger at the party,"Casey might feel overshadowed by Quinn's actions, leading others to perceive Casey as a bragger because they might assume Quinn's behavior was initiated or encouraged by Casey to garner attention. This perception can arise if Casey has a reputation for showcasing things previously, causing guests to conflate Quinn's show-off behavior with Casey's past actions.","[{'rating': '2 - Technically Possible'}, {'rating': '3 - Plausible'}, {'rating': '4 - Likely'}, {'rating': '3 - Plausible'}, {'rating': '2 - Technically Possible'}]",[],"{'mean': 1.8, 'variance': 0.2, 'std_dev': 0.4472135954999579, 'median': 2}","{'mean': 2.8, 'variance': 0.7, 'std_dev': 0.8366600265340756, 'median': 3}","[{'rating': '4 - Likely'}, {'rating': '2 - Technically Possible'}, {'rating': '3 - Plausible'}, {'rating': '3 - Plausible'}, {'rating': '1 - Impossible'}]","{'mean': 2.6, 'variance': 1.3, 'std_dev': 1.140175425099138, 'median': 3}","[{'rating': '1 - Impossible'}, {'rating': '1 - Impossible'}, {'rating': '3 - Plausible'}, {'rating': '2 - Technically Possible'}, {'rating': '3 - Plausible'}]","{'mean': 2, 'variance': 1, 'std_dev': 1.0, 'median': 2}"
Kai went to the movies and saw the new Lee movie.,What will happen to Kai?,enjoy the movie she went to see,"Kai went to the movies specifically to see the new Lee movie, which suggests a deliberate choice likely based on interest or anticipation, increasing the likelihood that she will enjoy the movie. Moreover, Lee movies often have a reputation for being engaging or entertaining, supporting the notion that Kai may enjoy this particular film.","[{'rating': '4 - Likely'}, {'rating': '3 - Plausible'}, {'rating': '5 - Very Likely'}, {'rating': '4 - Likely'}, {'rating': '5 - Very Likely'}]",[],win an Oscar,"Kai might be inspired by the new Lee movie to pursue a career in acting, leading to future performances where he could potentially deliver an Oscar-worthy performance. Additionally, his emotional response to the film might drive his artistic aspirations, setting him on a path to one day win an Oscar.","[{'rating': '1 - Impossible'}, {'rating': '2 - Technically Possible'}, {'rating': '2 - Technically Possible'}, {'rating': '2 - Technically Possible'}, {'rating': '1 - Impossible'}]","[{'feedback': ""It's completely possible Kai might be inspired to begin an acting career, but the statistical probability of them becoming a successful actor, and one who would be nominated for an Oscar, is incredibly low.""}]","{'mean': 4.2, 'variance': 0.7, 'std_dev': 0.8366600265340756, 'median': 4}","{'mean': 1.6, 'variance': 0.3, 'std_dev': 0.5477225575051661, 'median': 2}","[{'rating': '4 - Likely'}, {'rating': '4 - Likely'}, {'rating': '2 - Technically Possible'}, {'rating': '4 - Likely'}, {'rating': '4 - Likely'}]","{'mean': 3.6, 'variance': 0.8, 'std_dev': 0.8944271909999159, 'median': 4}","[{'rating': '2 - Technically Possible'}, {'rating': '2 - Technically Possible'}, {'rating': '3 - Plausible'}, {'rating': '1 - Impossible'}, {'rating': '1 - Impossible'}]","{'mean': 1.8, 'variance': 0.7000000000000001, 'std_dev': 0.8366600265340756, 'median': 2}"
Jesse showed Sydney's friends how to bake a cake but it was left in the oven too long and burned.,What will Jesse want to do next?,Bake a new cake,"Jesse may want to bake a new cake to rectify the mistake of burning the first one and ensure that Sydney's friends leave with a positive baking experience. By baking a new cake, Jesse can demonstrate resilience and commitment to teaching, which could help rebuild the trust and satisfaction of Sydney's friends.","[{'rating': '3 - Plausible'}, {'rating': '4 - Likely'}, {'rating': '3 - Plausible'}, {'rating': '3 - Plausible'}, {'rating': '2 - Technically Possible'}]",[],Give the cake to friends,"Jesse might want to give the burnt cake to friends as a humorous gesture or as a learning lesson, sharing the experience of the mishap and perhaps even getting feedback on what went wrong in a light-hearted way. Additionally, friends may appreciate the effort and understand the situation, valuing the gesture of inclusion despite the burnt cake.","[{'rating': '1 - Impossible'}, {'rating': '1 - Impossible'}, {'rating': '3 - Plausible'}, {'rating': '2 - Technically Possible'}, {'rating': '1 - Impossible'}]","[{'feedback': 'Jesse would likely be too embarrassed to give the cake to friends, much less eat it themselves, and especially if they were the one who was supposed to be demonstrating a recipe.'}]","{'mean': 3, 'variance': 0.5, 'std_dev': 0.7071067811865476, 'median': 3}","{'mean': 1.6, 'variance': 0.7999999999999999, 'std_dev': 0.8944271909999159, 'median': 1}","[{'rating': '5 - Very Likely'}, {'rating': '5 - Very Likely'}, {'rating': '4 - Likely'}, {'rating': '5 - Very Likely'}, {'rating': '5 - Very Likely'}]","{'mean': 4.8, 'variance': 0.19999999999999998, 'std_dev': 0.4472135954999579, 'median': 5}","[{'rating': '2 - Technically Possible'}, {'rating': '2 - Technically Possible'}, {'rating': '2 - Technically Possible'}, {'rating': '2 - Technically Possible'}, {'rating': '2 - Technically Possible'}]","{'mean': 2, 'variance': 0, 'std_dev': 0.0, 'median': 2}"
Quinn got a new job in a different town so they moved to a new house.,What will Quinn want to do next?,unpack his things,"It is plausible that Quinn will want to unpack his things next to settle into his new home and organize his belongings in order to smoothly transition into his new environment and daily routine. Unpacking is generally an immediate task that follows a move, allowing Quinn to make the house feel like a home and easily access their necessities.","[{'rating': '4 - Likely'}, {'rating': '4 - Likely'}, {'rating': '5 - Very Likely'}, {'rating': '5 - Very Likely'}, {'rating': '4 - Likely'}]",[],reload his things,"Quinn may want to reload his things as part of the process of unpacking and arranging his belongings in his new home, ensuring everything is set up correctly and efficiently after the move. Additionally, reloading could refer to reorganizing or reconfiguring items like furniture and electronics to better suit the new living space.","[{'rating': '4 - Likely'}, {'rating': '4 - Likely'}, {'rating': '3 - Plausible'}, {'rating': '2 - Technically Possible'}, {'rating': '4 - Likely'}]",[{'feedback': 'nice'}],"{'mean': 4.4, 'variance': 0.3, 'std_dev': 0.5477225575051661, 'median': 4}","{'mean': 3.4, 'variance': 0.7999999999999999, 'std_dev': 0.8944271909999159, 'median': 4}","[{'rating': '5 - Very Likely'}, {'rating': '5 - Very Likely'}, {'rating': '5 - Very Likely'}, {'rating': '5 - Very Likely'}, {'rating': '5 - Very Likely'}]","{'mean': 5, 'variance': 0, 'std_dev': 0.0, 'median': 5}","[{'rating': '5 - Very Likely'}, {'rating': '5 - Very Likely'}, {'rating': '5 - Very Likely'}, {'rating': '4 - Likely'}, {'rating': '4 - Likely'}]","{'mean': 4.6, 'variance': 0.3, 'std_dev': 0.5477225575051661, 'median': 5}"
Robin's plane just landed so Cameron picked them up from the airport.,How would Cameron feel afterwards?,helpful,"Cameron would likely feel helpful afterwards because they took the time and effort to pick up Robin from the airport, ensuring that Robin had a convenient and stress-free transition from the plane to their next destination. This action demonstrates Cameron's willingness to assist and support a friend in need, reinforcing their self-image as someone who is dependable and thoughtful.","[{'rating': '3 - Plausible'}, {'rating': '4 - Likely'}, {'rating': '4 - Likely'}, {'rating': '5 - Very Likely'}, {'rating': '3 - Plausible'}]",[],friendly,"Cameron likely feels friendly afterwards because picking someone up from the airport can be a gesture of kindness and support, suggesting Cameron has a positive and amicable relationship with Robin. This act could foster a sense of camaraderie and warmth between them.","[{'rating': '4 - Likely'}, {'rating': '5 - Very Likely'}, {'rating': '4 - Likely'}, {'rating': '4 - Likely'}, {'rating': '3 - Plausible'}]",[{'feedback': 'better'}],"{'mean': 3.8, 'variance': 0.7, 'std_dev': 0.8366600265340756, 'median': 4}","{'mean': 4, 'variance': 0.5, 'std_dev': 0.7071067811865476, 'median': 4}","[{'rating': '5 - Very Likely'}, {'rating': '4 - Likely'}, {'rating': '4 - Likely'}, {'rating': '5 - Very Likely'}, {'rating': '5 - Very Likely'}]","{'mean': 4.6, 'variance': 0.3, 'std_dev': 0.5477225575051661, 'median': 5}","[{'rating': '5 - Very Likely'}, {'rating': '5 - Very Likely'}, {'rating': '5 - Very Likely'}, {'rating': '5 - Very Likely'}, {'rating': '2 - Technically Possible'}]","{'mean': 4.4, 'variance': 1.8, 'std_dev': 1.3416407864998738, 'median': 5}"
Jenny wanted to found out what happened to Quinn's leg and read Quinn's book about his travels where he discussed his accident later in the first chapter.,How would Jenny feel as a result?,satisfied,"Jenny would feel satisfied because she successfully found the information she was seeking about Quinn's leg accident in his book, fulfilling her curiosity and providing her with the answers she needed.","[{'rating': '5 - Very Likely'}, {'rating': '5 - Very Likely'}, {'rating': '5 - Very Likely'}, {'rating': '4 - Likely'}, {'rating': '4 - Likely'}]","[{'feedback': 'remarkable level of relating to this survey'}, {'feedback': 'Jenny will be satisfied with the answers she found in the book'}]",jealous of Quinn,"Jenny might feel jealous of Quinn because his travels and adventures, despite resulting in an accident, could seem exciting and more adventurous than her own experiences, sparking a desire to have similarly thrilling life stories to share.","[{'rating': '2 - Technically Possible'}, {'rating': '2 - Technically Possible'}, {'rating': '3 - Plausible'}, {'rating': '2 - Technically Possible'}, {'rating': '4 - Likely'}]","[{'feedback': ""I think Jenny would be more interested in finding out about Quinn's accident than of becoming jealous over his travels.""}, {'feedback': 'Could go either way, possible or not possible, so plausible.'}]","{'mean': 4.6, 'variance': 0.3, 'std_dev': 0.5477225575051661, 'median': 5}","{'mean': 2.6, 'variance': 0.7999999999999999, 'std_dev': 0.8944271909999159, 'median': 2}","[{'rating': '3 - Plausible'}, {'rating': '5 - Very Likely'}, {'rating': '3 - Plausible'}, {'rating': '4 - Likely'}, {'rating': '2 - Technically Possible'}]","{'mean': 3.4, 'variance': 1.3, 'std_dev': 1.140175425099138, 'median': 3}","[{'rating': '2 - Technically Possible'}, {'rating': '2 - Technically Possible'}, {'rating': '2 - Technically Possible'}, {'rating': '2 - Technically Possible'}, {'rating': '1 - Impossible'}]","{'mean': 1.8, 'variance': 0.2, 'std_dev': 0.4472135954999579, 'median': 2}"
Kai sat in Austin's lap because she wanted to show him more affection.,What will Austin want to do after?,start kissing Kai,"Given the context that Kai sat in Austin's lap to show affection, it is plausible that Austin would reciprocate this display of affection by wanting to start kissing Kai. This choice aligns with the progression of affectionate behaviors between the two individuals.","[{'rating': '4 - Likely'}, {'rating': '4 - Likely'}, {'rating': '5 - Very Likely'}, {'rating': '5 - Very Likely'}, {'rating': '2 - Technically Possible'}]",[],embarrass Kai,"Austin might want to embarrass Kai as a playful or teasing response to her showing affection, possibly to lighten the mood or to reciprocate her gesture in a humorous way. This could be part of their dynamic or relationship where playful teasing is a form of endearment.","[{'rating': '2 - Technically Possible'}, {'rating': '4 - Likely'}, {'rating': '2 - Technically Possible'}, {'rating': '2 - Technically Possible'}, {'rating': '4 - Likely'}]",[{'feedback': 'nice'}],"{'mean': 4, 'variance': 1.5, 'std_dev': 1.224744871391589, 'median': 4}","{'mean': 2.8, 'variance': 1.2, 'std_dev': 1.0954451150103321, 'median': 2}","[{'rating': '4 - Likely'}, {'rating': '4 - Likely'}, {'rating': '3 - Plausible'}, {'rating': '3 - Plausible'}, {'rating': '3 - Plausible'}]","{'mean': 3.4, 'variance': 0.3, 'std_dev': 0.5477225575051661, 'median': 3}","[{'rating': '5 - Very Likely'}, {'rating': '1 - Impossible'}, {'rating': '2 - Technically Possible'}, {'rating': '3 - Plausible'}, {'rating': '2 - Technically Possible'}]","{'mean': 2.6, 'variance': 2.3000000000000003, 'std_dev': 1.5165750888103102, 'median': 2}"
Addison went fishing and brought her brother with her.,What will Addison want to do next?,bate a hook next,"Addison will likely want to bate a hook next because, while fishing, baiting the hook is an essential step in preparing to catch fish, especially if she is helping her brother learn the process. Given that she is actively engaged in fishing, this action aligns with her immediate goal of catching fish.","[{'rating': '4 - Likely'}, {'rating': '4 - Likely'}, {'rating': '3 - Plausible'}, {'rating': '5 - Very Likely'}, {'rating': '3 - Plausible'}]",[],go to school next,"Addison might prioritize her education and want to attend school next, especially if she recognizes that fishing is a recreational activity and school is an essential daily responsibility. Additionally, she might need to attend school to share her fishing experience with friends or for educational purposes related to her fishing trip.","[{'rating': '1 - Impossible'}, {'rating': '5 - Very Likely'}, {'rating': '2 - Technically Possible'}, {'rating': '1 - Impossible'}, {'rating': '2 - Technically Possible'}]",[{'feedback': 'better'}],"{'mean': 3.8, 'variance': 0.7, 'std_dev': 0.8366600265340756, 'median': 4}","{'mean': 2.2, 'variance': 2.7, 'std_dev': 1.6431676725154984, 'median': 2}","[{'rating': '4 - Likely'}, {'rating': '2 - Technically Possible'}, {'rating': '5 - Very Likely'}, {'rating': '4 - Likely'}, {'rating': '3 - Plausible'}]","{'mean': 3.6, 'variance': 1.3, 'std_dev': 1.140175425099138, 'median': 4}","[{'rating': '2 - Technically Possible'}, {'rating': '2 - Technically Possible'}, {'rating': '2 - Technically Possible'}, {'rating': '2 - Technically Possible'}, {'rating': '2 - Technically Possible'}]","{'mean': 2, 'variance': 0, 'std_dev': 0.0, 'median': 2}"
Ash saved the beehive from destruction because honey is good for you.,How would Others feel as a result?,a friend of the environment,"Others might view Ash as a friend of the environment because by saving the beehive, Ash not only preserves a critical component of the ecosystem but also supports biodiversity, which is essential for a healthy environment. This act demonstrates a commitment to ecological conservation and sustainable living, aligning Ash with environmental friendliness.","[{'rating': '3 - Plausible'}, {'rating': '4 - Likely'}, {'rating': '4 - Likely'}, {'rating': '5 - Very Likely'}, {'rating': '2 - Technically Possible'}]",[{'feedback': 'Others may view it as a chance to get stung by a bee.'}],quite motivated,"Others might feel quite motivated by Ash's actions because saving the beehive not only preserves a valuable source of nutrition in honey, but also inspires them to take similar actions to protect the environment and promote health benefits. Ash's successful effort can serve as a powerful example, encouraging others to engage in environmentally friendly and health-conscious activities.","[{'rating': '3 - Plausible'}, {'rating': '5 - Very Likely'}, {'rating': '3 - Plausible'}, {'rating': '4 - Likely'}, {'rating': '4 - Likely'}]",[{'feedback': 'nice'}],"{'mean': 3.6, 'variance': 1.3, 'std_dev': 1.140175425099138, 'median': 4}","{'mean': 3.8, 'variance': 0.7, 'std_dev': 0.8366600265340756, 'median': 4}","[{'rating': '2 - Technically Possible'}, {'rating': '1 - Impossible'}, {'rating': '5 - Very Likely'}, {'rating': '2 - Technically Possible'}, {'rating': '5 - Very Likely'}]","{'mean': 3, 'variance': 3.5, 'std_dev': 1.8708286933869707, 'median': 2}","[{'rating': '2 - Technically Possible'}, {'rating': '3 - Plausible'}, {'rating': '3 - Plausible'}, {'rating': '3 - Plausible'}, {'rating': '3 - Plausible'}]","{'mean': 2.8, 'variance': 0.19999999999999998, 'std_dev': 0.4472135954999579, 'median': 3}"
Aubrey sounded good talking after months of taking speech therapy at her school.,How would Others feel as a result of this?,proud of Aubrey,"Given Aubrey's improvement after months of speech therapy, others are likely to feel proud of her because her progress reflects dedication and hard work, which are achievements worthy of pride and celebration. This emotional response highlights recognition of her perseverance and success in overcoming challenges.","[{'rating': '5 - Very Likely'}, {'rating': '5 - Very Likely'}, {'rating': '4 - Likely'}, {'rating': '5 - Very Likely'}, {'rating': '4 - Likely'}]",[],disappointed in Aubrey,"Others might be disappointed in Aubrey if they had unrealistic expectations for her progress or improvement speed and felt she should have achieved more by now, despite the genuine progress she has made. Additionally, others may have misunderstood the complexity of speech therapy and thus mistakenly set higher benchmarks for success.","[{'rating': '2 - Technically Possible'}, {'rating': '2 - Technically Possible'}, {'rating': '4 - Likely'}, {'rating': '2 - Technically Possible'}, {'rating': '4 - Likely'}]",[{'feedback': 'nice'}],"{'mean': 4.6, 'variance': 0.3, 'std_dev': 0.5477225575051661, 'median': 5}","{'mean': 2.8, 'variance': 1.2, 'std_dev': 1.0954451150103321, 'median': 2}","[{'rating': '3 - Plausible'}, {'rating': '3 - Plausible'}, {'rating': '4 - Likely'}, {'rating': '5 - Very Likely'}, {'rating': '5 - Very Likely'}]","{'mean': 4, 'variance': 1, 'std_dev': 1.0, 'median': 4}","[{'rating': '2 - Technically Possible'}, {'rating': '2 - Technically Possible'}, {'rating': '1 - Impossible'}, {'rating': '2 - Technically Possible'}, {'rating': '1 - Impossible'}]","{'mean': 1.6, 'variance': 0.3, 'std_dev': 0.5477225575051661, 'median': 2}"
Aubrey was a police officer that pulled a driver over for speeding down the highway one day.,What will Aubrey want to do next?,talk to the driver,"Aubrey will want to talk to the driver to gather information about the situation, determine the reason for the speeding, and inform them of the consequences or issue a warning or citation. Engaging with the driver is a fundamental part of the traffic enforcement process and helps ensure compliance and road safety.","[{'rating': '5 - Very Likely'}, {'rating': '5 - Very Likely'}, {'rating': '5 - Very Likely'}, {'rating': '4 - Likely'}, {'rating': '2 - Technically Possible'}]",[{'feedback': 'A police calls order to citizens'}],run away from the driver,"Aubrey might want to run away from the driver if the situation escalates into a dangerous confrontation or if they perceive an immediate threat to their safety, prompting them to seek cover or help. As a police officer, ensuring personal safety can sometimes take precedence in volatile situations.","[{'rating': '1 - Impossible'}, {'rating': '2 - Technically Possible'}, {'rating': '2 - Technically Possible'}, {'rating': '1 - Impossible'}, {'rating': '2 - Technically Possible'}]",[{'feedback': 'Aubrey is a trained police offer. They will know how to de-escalate this situation.'}],"{'mean': 4.2, 'variance': 1.7, 'std_dev': 1.3038404810405297, 'median': 5}","{'mean': 1.6, 'variance': 0.3, 'std_dev': 0.5477225575051661, 'median': 2}","[{'rating': '4 - Likely'}, {'rating': '5 - Very Likely'}, {'rating': '4 - Likely'}, {'rating': '5 - Very Likely'}, {'rating': '5 - Very Likely'}]","{'mean': 4.6, 'variance': 0.3, 'std_dev': 0.5477225575051661, 'median': 5}","[{'rating': '2 - Technically Possible'}, {'rating': '1 - Impossible'}, {'rating': '2 - Technically Possible'}, {'rating': '2 - Technically Possible'}, {'rating': '2 - Technically Possible'}]","{'mean': 1.8, 'variance': 0.2, 'std_dev': 0.4472135954999579, 'median': 2}"
